city,place_id,name,user_rating_total
Hà Nội,ChIJSXwdOKOrNTERNylYj9mnIbU,Imperial Citadel of Thang Long,17550
Hà Nội,ChIJxZVbuqKrNTER4I2XSRfxbLg,Hanoi Flagtower,2117
Hà Nội,ChIJqyT4JJmrNTERSCX5Yt9nwiY,Khue Van Cac,353
Hà Nội,ChIJm3YS_eqrNTERUWy7787s8sc,Sword Lake Octagon House,204
Hà Nội,ChIJp0o4Er6rNTERjlTif_IXU1k,Hanoi Old Quarter,8495
Hà Nội,ChIJVUvVbACrNTERzY_ZFRXbAKc,Xe 2 tầng Hà Nội - Hop on hop off bus Vietnam Sightseeing,594
Hà Nội,ChIJ3yuzk377yzYRQs7IB91AZKA,Thung Lũng Sủng Là,269
Hà Nội,ChIJZ73nJpmrNTERHt_VdIgHDlg,Temple Of Literature,20369
Hà Nội,ChIJi3I61wSsNTEREPGWbUmEBoY,VinKE & Thủy cung Times City,11361
Hà Nội,ChIJp56AAMCrNTERHTeCAuwWJ7s,Ngoc Son Temple,12174
Hà Nội,ChIJiUJFE8CrNTERHK060qWnXk4,Thang Long Water Puppet Theatre,20533
Hà Nội,ChIJ9Y3KR7-rNTERawQ7FeFv5gA,Bach Ma Temple,1211
Hà Nội,ChIJ7xTdBdACNTERJuHqUlysKWM,Khu du lịch sinh thái Bản Rõm,1456
Hà Nội,ChIJMRqjK5WrNTERYMjmmwkrGOQ,Turtle Tower,490
Hà Nội,ChIJEQB--OurNTERK41Q2gDyemQ,Hanoi Opera House,21060
Hà Nội,ChIJF13BXqGrNTERTE3hz8KFDmI,Ho Chi Minh's Mausoleum,19771
Hà Nội,ChIJxy3jWWSrNTERaa4h1H26Qis,Indira Gandhi Park,3191
Hà Nội,ChIJKSrIeqWvNTERMIh8kSr2sgs,Bat Trang Pottery Village,1416
Hà Nội,ChIJZTU9yIOrNTERvPnGMXnLfkU,Khu Khảo Cổ Hoàng Thành Thăng Long,152
Hà Nội,ChIJtRweQZWrNTERdPMTG8dZBdg,King Le Thai To's Temple,256
Hà Nội,ChIJ1ySWYn6rNTERznB6elZTqpI,Quang Trung Monument,217
Hà Nội,ChIJI0N-28GrNTERj19heBKCPmY,Ceramic mosaic mural road,738
Hà Nội,ChIJYxmaEMCrNTERrY3H3rdSd0Y,Đền Bà Kiệu,189
Hà Nội,ChIJcyiSYZurNTERsXg6MaaRFng,Vườn hoa Con Cóc,754
Hà Nội,ChIJuT0fVKOrNTERUQS2Xq8ppkE,Kinh Thien Palace,356
Hà Nội,ChIJ7XWEcqGrNTERrsLf6W8259s,One Pillar Pagoda,9846
Hà Nội,ChIJE492ArpUNDERRXjuTHz73UQ,Ngoc Trai Lake,472
Hà Nội,ChIJhdgfXrirNTER-EREhqaQx28,Hanoi Train Street,263
Hà Nội,ChIJwYrhVWeqNTERWKke9kRAasc,Bãi Đá Sông Hồng,6470
Hà Nội,ChIJG4JimDmpNTERToHe1MmUkfs,Rose Park,370
Hà Nội,ChIJBx-0nN2tNTERzbQOv4SunB0,Du Lịch Trải Nghiệm Hải Đăng,206
Hà Nội,ChIJ-0eJ4uKpNTERP85ljAtVYUw,Phù Đổng Green Park,433
Hà Nội,ChIJccun9eurNTERtKVn44HT8Ig,Square of August Revolution,206
Hà Nội,ChIJ_zQWlJCrNTERzICetsqgsTw,Thien Duong Ba y Tourist Area,464
Hà Nội,ChIJtyC7RkOrNTER74k3wfuut_g,Hanoi Train Street,848
Hà Nội,ChIJR9N2oKKrNTERNIq8JANqEic,Statue of Lenin,748
Hà Nội,ChIJG2DyZ0phNDERqgXQlLbf2zA,Đồi Thông Ba Vì,209
Hà Nội,ChIJ8yTc1xirNTER-6v9RI-w7jQ,Ho Tay Water Park,8405
Hà Nội,ChIJh3K0K1RhNDEREXbFmPaEF_w,Ba Vi National Park,2433
Hà Nội,ChIJwyFZi6WrNTER76sqY7OcMjE,Quan Thanh Temple,4752
Hà Nội,ChIJwd9IoKarNTERT3C7BsMeOjU,Presidential Palace,927
Hà Nội,ChIJuerTwf2qNTERnvjmhZRDyik,Phủ Tây Hồ,4706
Hà Nội,ChIJd-PAAZ9TNDERD_Xj7oNXYRs,Công Viên Thiên Đường Bảo Sơn,11695
Hà Nội,ChIJo7Cs_7IANTER3jarOmtDKpU,Co Loa Citadel,3036
Hà Nội,ChIJE109t6KrNTERsaAoYzbvoKY,Vietnam Military History Museum,11003
Hà Nội,ChIJIbhTQzmrNTERHBoID7tQyUc,Vietnam Museum of Ethnology,14363
Hà Nội,ChIJ_WxOh-aqNTERU3pju0DhjDE,Van Nien pagoda,1950
Hà Nội,ChIJm0ED2lyrNTER7ALarPKlZDQ,The Sinh Tourist Hà Nội,114
Hà Nội,ChIJyfdvDFMdNTERa5SsqG60tjA,Thien Phu Lam Ecological Park,591
Hà Nội,ChIJ0wb2R7gCNTERhBjuJfCNbdE,Thành Chương's Viet Palace,2069
Hà Nội,ChIJn6akffSrNTER_7eJtAGWRNA,Đền Hai Bà Trưng,155
Hà Nội,ChIJ_WCyrIGlNTERRZSlbkN81CE,Grand World Hưng Yên,484
Hà Nội,ChIJ9dt7lJirNTERTqzApIMfQv0,Vietnam National Fine Arts Museum,4337
Hà Nội,ChIJm5BAy6arNTERO1z1B3z-0BU,Ho Chi Minh’s Stilt House,1568
Hà Nội,ChIJy2Q9CIpgNDERVIljlAWLfl0,Khu Du Lich Hồ Tiên Sa,223
Hà Nội,ChIJ1zQSZumrNTERkijOtf97SX0,Vietnam National Museum of History,3784
Hà Nội,ChIJAcpzbwCrNTERSsISiGsRwDQ,Bảo Tàng I-Museum,255
Hà Nội,ChIJxwnWy6usNTERS_TY4hfsH2s,Hanoi Museum,4378
Hà Nội,ChIJb-sdLqCrNTER0UkLBD-JnZQ,Ho Chi Minh Museum,11049
Hà Nội,ChIJld5RqparNTERVK8x7gvhAZc,Hoa Lo Prison,19899
Hà Nội,ChIJp4s0qe6rNTER9xX9MObmmnM,Geology Museum,190
Hà Nội,ChIJ6wlG3fOqNTERporAUcwXt0g,Vietnam Museum of Literature,301
Hà Nội,ChIJ2yQfiStTNDEROH7iCIvLRSs,Ho Chi Minh Trail Museum,610
Hà Nội,ChIJK111AwurNTERB8u6Ap8YDjg,B52 Victory Museum,1722
Hà Nội,ChIJ-0vLUYmpNTERj--T_jVut1E,Bảo tàng Vũ Khí,257
Hà Nội,ChIJ0QWxN5SvNTERBKzau0z-YGI,Bat Trang Pottery Museum,2560
Hà Nội,ChIJyVBDX32sNTERWF7ITQqdcrY,Air Force and Air Defense Museum,2595
Hà Nội,ChIJ-c1h5OKrNTERqQdJWUxwFxE,Vietnam National Museum of Nature,800
Hà Nội,ChIJ28hXpDqrNTERKIuEQpbXnFw,Museum of Armored Forces,224
Hà Nội,ChIJ46E0UJGrNTERWZKWlKdAI3s,Hanoi Police Museum,366
Hà Nội,ChIJO1EacE5UNDERToLZ1qYJ0zM,Nguyen Van Huyen Museum,205
Hà Nội,ChIJ__9v1LqrNTERw6DdpcC6Lsg,Di tích Cửa Bắc-Hà Nội,1319
Hà Nội,ChIJ-5hFEL-rNTERLnRvSb_33fg,The Memorial House of Ho Chi Minh,186
Hà Nội,ChIJY2LZEqOrNTERXP_uKG1UBzc,Bac Son Monument,282
Hà Nội,ChIJlx8obZWrNTERa7Mn6ghQJ6Q,Ba Da Pagoda,384
Hà Nội,ChIJfVZXRpGrNTERbkZTVxqHSD0,Chùa Quán Sứ,3177
Hà Nội,ChIJIVT_K7-rNTERUlFvpdPvatA,Chùa Cầu Đông,341
Hà Nội,ChIJcZi6rpSrNTERK8dLuF715_0,Vu Thach Pagoda,152
Hà Nội,ChIJXzkVIoOrNTERN8lmzUCgNDw,Chùa Linh Ứng,239
Hà Nội,ChIJlU5xE06sNTERaVEkkwfV4YI,Phap Van Pagoda,1469
Hà Nội,ChIJz0aH0VyrNTERrhRrKTcIFxk,Lang Pagoda,3049
Hà Nội,ChIJbcDNnpWrNTERNakK33Z9D-c,Ly Trieu Quoc Su Pagoda,235
Hà Nội,ChIJXyaMWLerNTEROKuv7DiYx4Q,Hồng Phúc Tự - Hòe Nhai Pagoda,503
Hà Nội,ChIJA9hjcdurNTER__fyEGdqfGM,Bodhi Temple,627
Hà Nội,ChIJMciE-GmrNTERfjkshGzwPNE,Voi Phuc Temple,340
Hà Nội,ChIJr7enHa-rNTERbivpCTqoenY,Tran Quoc Pagoda,46044
Hà Nội,ChIJZTX8EpurNTER86C93WYuml0,Linh Quang Pagoda,147
Hà Nội,ChIJK2QyG-2zNTER2d2FUFvqHps,Dau Pagoda,1482
Hà Nội,ChIJtbUhu4urNTERyKCd_gsLRIg,Chùa Vân Hồ,109
Hà Nội,ChIJV7bH-J2sNTERKyqgG0MgbRQ,Ứng Thiên Temple,253
Hà Nội,ChIJVXiaWFSqNTEReX_wnu3159s,Chùa Kim Liên,912
Hà Nội,ChIJVWPhFYCsNTERjyPccN22jdo,Boc Pagoda,388
Hà Nội,ChIJ7coXCSdTNDER2oeQGFCKpIo,Ngoi Temple,714
Hà Nội,ChIJc35VPuGqNTERgc_nUiJzrIw,Thien Nien Temple,432
Hà Nội,ChIJYdHMEb31NDERThdEOsV1m_s,Chùa Mía,1859
Hà Nội,ChIJV7n4CFCrNTERHTtWS4-Vih8,Cot Pagoda,820
Hà Nội,ChIJmbZYFzWrNTERJ7CH04CaD28,Thanh Chua Buddhist Temple,256
Hà Nội,ChIJZ7x8XXOsNTER1W4qryJ7xJU,Snow Perfume Pagoda,144
Hà Nội,ChIJw1IRrwKtNTERIpZ9li8dPvI,Chu Van An temple,103
Hà Nội,ChIJNcOgnMOsNTEROioUOngGIxM,Trieu Khuc village temple,1197
Hà Nội,ChIJs3LFpYerNTER0KLpFx4hfaQ,Đền - Đình Kim Liên,408
Hà Nội,ChIJLVpZRzyoNTERw1sOIVu6BSk,Khu du lịch sinh thái Cánh Buồm Xanh,444
Hà Nội,ChIJYcxMbNhXNDERDUvkMG6nNXY,Vườn Sinh Thái Phúc Thọ Hoa Bay,162
Hà Nội,ChIJpcrzBfZgNDER5VO5DszXQ30,Ao Vua Resort,1512
Hà Nội,ChIJ2ZaOBINgNDERN-P36aHeTNg,Khu Du lịch sinh thái Long Việt,456
Hà Nội,ChIJRT53Q7IBNTERTYHIHVb_yMU,Khu Du Lịch Sinh Thái Cọ Xanh,217
Hà Nội,ChIJ8QyghInCNDER5RRaSnD8mkY,Tam Dao National Park,946
Hà Nội,ChIJDQEAAKRgNDERucv4nGr9k8I,Khoang Xanh Suối Tiên Theme Park,2048
Hà Nội,ChIJi3PpbWqrNTERcL7DLQFRKNw,Hanoi Zoo,17309
Hà Nội,ChIJR0Chh_GqNTER2m5M5tpjg2Y,Thung lũng hoa hồ Tây,5548
Hà Nội,ChIJ4zO19TSpNTERTRvfWCImNXQ,Nông trại hữu cơ Tuệ Viên,102
Hà Nội,ChIJbRu2MgarNTERYOdsHrH1AUM,Khrua Baan Thai – Thai Ha,850
Hà Nội,ChIJ97DS406rNTER2DxTxQxf4Fo,Cau Giay Park,11561
Hà Nội,ChIJMXC-HgCvNTERj2gm3jLD7_I,Phố đi bộ Hồ Gươm,1020
Hà Nội,ChIJlzNusuCrNTERfoQPQmhdjcI,Làng Văn Hóa Du lịch và Ẩm thực Nắng Sông Hồng,1351
Hà Nội,ChIJfyTf5o6rNTER6dKWJmY9GOY,Thong Nhat Park,15769
Hà Nội,ChIJRXwMyjSsNTERcAR9OfSTxfk,Yen So Park,12284
Hà Nội,ChIJV61UHHeuNTER2oDGWfo8Crc,Van An school farm,419
Hà Nội,ChIJgWXJ9uqrNTER1M4jviM6nZ4,Hanoi Children's Palace,1907
Hà Nội,ChIJybEnfkcdNzERkyNwtJ2Pg-g,Vườn Quốc Gia Bến En,133
Thành phố Hồ Chí Minh,ChIJV8BHDV0pdTERvGqxdSId_50,Van Thanh Tourist Village,4616
Thành phố Hồ Chí Minh,ChIJTeYpMT8vdTERMH8sUnkta40,Ben Thanh Market,75603
Thành phố Hồ Chí Minh,ChIJq6rG9UoodTERIZTb9Xp6jAM,Ben Xua Tourist Area,1481
Thành phố Hồ Chí Minh,ChIJ_WiTmzDfdDER0HTummPEsWo,Thuy Chau Ecotourism,12429
Thành phố Hồ Chí Minh,ChIJpZhqM2ckdTER6_LacPpcqVM,Làng Du Lịch Sinh Thái Tre Việt - Funland,565
Thành phố Hồ Chí Minh,ChIJL0dwVTgvdTERao3t8B1Jhxc,Independence Palace,43268
Thành phố Hồ Chí Minh,ChIJA_GbWE0tdTERk0_dtP5uXsQ,Láng Le Bàu Cò Historical Site,850
Thành phố Hồ Chí Minh,ChIJDXlfx1sndTERFg6NcPqJ8e8,Suoi Tien Theme Park,22093
Thành phố Hồ Chí Minh,ChIJx7wwM0svdTERjuH2a9dkuU0,Saigon Zoo & Botanical Gardens,33473
Thành phố Hồ Chí Minh,ChIJ9YE09dEudTERNEcX1eDdajY,White Rabbit Amusement Park,8408
Thành phố Hồ Chí Minh,ChIJqVawLjgvdTERy0WoSbe7qgA,Riverside Park,8869
Thành phố Hồ Chí Minh,ChIJFTI64MIvdTERjmiEbXdrb00,Bến Nhà Rồng - Bảo tàng Hồ Chí Minh,1819
Thành phố Hồ Chí Minh,ChIJ____TtkudTERWju8PCocG2A,Lake Park Ky Hoa,2255
Thành phố Hồ Chí Minh,ChIJKXVC7sAyCzERLxR747WgrZg,Cu Chi Tunnel,16155
Thành phố Hồ Chí Minh,ChIJuRwVIN_bdDERKZ7T61H2MKo,Buu Long Tourist Area,10919
Thành phố Hồ Chí Minh,ChIJA0FSQqEvdTERuUNes8gZ6-I,Vietopia,3051
Thành phố Hồ Chí Minh,ChIJxYBYlDYvdTERcHp0Pp7buJI,Turtle Pond,4603
Thành phố Hồ Chí Minh,ChIJS8Yv1zcvdTERUI2V47UxkPw,Ho Chi Minh City Book Street,11155
Thành phố Hồ Chí Minh,ChIJ6WUyvqMpdTERuxv3tFoz63M,Gò Vấp Floral Village Park,8804
Thành phố Hồ Chí Minh,ChIJCRuwB0QvdTER4f_uFnGCDnY,Bến Bạch Đằng,7830
Thành phố Hồ Chí Minh,ChIJlbodo0cvdTER54riaI9uWl0,Statue of Ho Chi Minh,4807
Thành phố Hồ Chí Minh,ChIJp-v5fw0qCzERizMLuq0oSZw,7 Wonders Park,2720
Thành phố Hồ Chí Minh,ChIJUSTY5jcvdTERRVvtbJNZT-g,Notre Dame Cathedral of Saigon,26298
Thành phố Hồ Chí Minh,ChIJ1dVWZ-0zCzER4Z3BbPG2g7o,Cu Chi Tunnel Ben Duoc,2751
Thành phố Hồ Chí Minh,ChIJa2jyR5cudTERy2ySbqgJudk,Dam Sen Cultural Park,6355
Thành phố Hồ Chí Minh,ChIJ5_SpBkghdTERk80aFqd_nzM,Song Long Ecotourism,390
Thành phố Hồ Chí Minh,ChIJyS548sYndTERx_fKlYIochM,Vinhomes Central Park,8767
Thành phố Hồ Chí Minh,ChIJjzdozUUvdTERBJygjfRvnhQ,Tran Hung Dao Statue,890
Thành phố Hồ Chí Minh,ChIJpexZCU0pdTER24FhF_D2kzo,Du Lịch Cảnh Việt,973
Thành phố Hồ Chí Minh,ChIJKfODsGFAdTERS5_lbmQBKJE,Điểm Du Lịch Sinh Thái Dần Xây,299
Thành phố Hồ Chí Minh,ChIJ97UHLTsvdTERfuEsTET56l4,The Venerable Thich Quảng Đức Monument,1313
Thành phố Hồ Chí Minh,ChIJu4YK_j4vdTERfSn0egKOyug,September 23rd Park,9622
Thành phố Hồ Chí Minh,ChIJsXOVajkvdTERcBdP0Xow8j4,Tao Dan Park,15216
Thành phố Hồ Chí Minh,ChIJE4vBZmpCdTERUSwiYiXXx0o,Khu căn cứ Vàm Sát Đảo Khỉ,2799
Thành phố Hồ Chí Minh,ChIJddqZy-Q8dTER1MSSBbqqJRw,Golden Scorpion Ecological Tourist Area,3955
Thành phố Hồ Chí Minh,ChIJK-W_5tJpdTERPeJBxBeun88,Tourist Area April 30,1842
Thành phố Hồ Chí Minh,ChIJq6He0kMvdTERcW7_9GkkHjo,Thu Ngu Flagpole,332
Thành phố Hồ Chí Minh,ChIJY41T6kYvdTERL9z7DVDGN58,Quảng trường phố đi bộ Nguyễn Huệ,3424
Thành phố Hồ Chí Minh,ChIJ9aHU7UUvdTERwvaHOXtRzVI,Ton Duc Thang Museum,1220
Thành phố Hồ Chí Minh,ChIJKxbWuSUhdTERaf6JH7dvvmA,Công viên Grand Park,5684
Thành phố Hồ Chí Minh,ChIJ7ZWfKWY_dTER4pixBUMCFhk,Tourism Rung Sac Can Gio,1864
Thành phố Hồ Chí Minh,ChIJlel-En4vdTERc64rKNBbyy0,Museum of Ho Chi Minh City,2574
Thành phố Hồ Chí Minh,ChIJP5gSHFfvdDERrOV4jWfO7g0,Khu Du Lịch Cao Minh,1216
Thành phố Hồ Chí Minh,ChIJD5lHSSQpdTERpiVZaAPNSh0,Pho Quang Pagoda,3694
Thành phố Hồ Chí Minh,ChIJC044E9kudTERi2Ozcof-Was,Museum of Traditional Vietnamese Medicine,1750
Thành phố Hồ Chí Minh,ChIJqUHGIb8pdTERCbbpeVBTEGo,Sense City Pham Van Dong,9311
Thành phố Hồ Chí Minh,ChIJs9UW897fdDER6fhT8pDpv9s,The Amazing Bay,4125
Thành phố Hồ Chí Minh,ChIJ0T6WXQIvdTERFEP77Csz32E,Ba Son Harbour Park,174
Thành phố Hồ Chí Minh,ChIJTyQPti8pdTERC3TahLdyYzQ,Southeastern Armed Forces Museum,793
Thành phố Hồ Chí Minh,ChIJEd_n5qUodTERmIH2H487sPs,Khu Du lịch Văn Thánh,101
Thành phố Hồ Chí Minh,ChIJ4zlbjhfRdDERROSmTpMApoA,Thanh Le Water Park,1260
Thành phố Hồ Chí Minh,ChIJ2SNQNBYvdTERCMXle6z6Nqg,Công Ty Du Lịch Thời Đại Việt,112
Thành phố Hồ Chí Minh,ChIJSy3R1jgvdTERE51Ytwqzbpo,Ben Nghe Street Food,11463
Thành phố Hồ Chí Minh,ChIJHZx_9nXVdDERkrdjx4J7zsg,Hoang Phap Buddhist Temple,11275
Thành phố Hồ Chí Minh,ChIJZXI8z0gvdTERMj9clBCmu9M,Saigon Japan Town,1992
Thành phố Hồ Chí Minh,ChIJvxShM80odTER8eFLlfwiq48,Tân Định Market,9691
Thành phố Hồ Chí Minh,ChIJ5fqrRUsvdTERlfW0JX8JGyU,HCMC History Museum,3868
Thành phố Hồ Chí Minh,ChIJzwg3ojAvdTERqnQUK99K2Xw,War Remnants Museum,39856
Thành phố Hồ Chí Minh,ChIJkWxODUsvdTERpBcf9LcUxG8,Ho Chi Minh Campaign Museum,362
Thành phố Hồ Chí Minh,ChIJ_____BEhdTER40hMWk0KysQ,Ao Dai Museum,1315
Thành phố Hồ Chí Minh,ChIJ1wlDRkwvdTERjqYD1wG-hJQ,Geological Museum of Vietnam,216
Thành phố Hồ Chí Minh,ChIJU5jx0_YudTERl_Cqs-jwaiQ,Thien Hau Pagoda,3190
Thành phố Hồ Chí Minh,ChIJXWg5idEodTERaPXp7dQybnM,Van Tho Buddhist Temple,485
Thành phố Hồ Chí Minh,ChIJYffbXBkpdTERjQgD7Syp7Tg,Jade Emperor Pagoda,1522
Thành phố Hồ Chí Minh,ChIJ36foybIvdTERGVJmvVJIxhE,Vietnamese National Buddhist Temple,1706
Thành phố Hồ Chí Minh,ChIJ0RNrUNModTERAoiOkzbLzT4,Vinh Nghiem Buddhist Temple,5489
Thành phố Hồ Chí Minh,ChIJf0UTLHsvdTERDF4pKKvbbOI,Mariamman Hindu temple,345
Thành phố Hồ Chí Minh,ChIJ3ztE7v0udTERWWcA_rEtgPU,Chùa Vạn Phật,2441
Thành phố Hồ Chí Minh,ChIJS31nqOMudTERIruYlYgDBY0,Giac Ngo Buddhist Temple,1888
Thành phố Hồ Chí Minh,ChIJOfCu0vAudTER4DLsN8ek1VU,Hội Quán Nghĩa An,885
Thành phố Hồ Chí Minh,ChIJDXwNkisvdTERvqQPycu5sb0,Chùa Pháp Hoa,1296
Thành phố Hồ Chí Minh,ChIJwbgGB7kudTER_wqscOHg_y4,Giac Lam Buddhist Temple,198
Thành phố Hồ Chí Minh,ChIJbyo7aiUvdTEREbeQQvg6Wm0,Xa Loi Buddhist Temple,1771
Thành phố Hồ Chí Minh,ChIJGyPlSPEudTEREq2OnKfg380,Hội quán Ôn Lăng - Chùa quan âm,2148
Thành phố Hồ Chí Minh,ChIJqx5KbCwvdTERKQRylXo0mbo,Chùa Chantarangsay,709
Thành phố Hồ Chí Minh,ChIJV9_rYUsvdTERc70VHCIOdvQ,Temple of Hung King,170
Thành phố Hồ Chí Minh,ChIJEYm-MEcvdTER1_sEwDfNlJE,SRI THENDAYUTHAPANI TEMPLE,317
Thành phố Hồ Chí Minh,ChIJUx3GZssodTERgNAAkF5uklA,Tran Hung Dao Holy Temple,246
Thành phố Hồ Chí Minh,ChIJY2dZgeEudTER1o-7wY-FzWs,An Quang Buddhist Temple,573
Thành phố Hồ Chí Minh,ChIJAeOhiC0pdTER8nGbloUP-MQ,Vien Giac Buddhist Temple,776
Thành phố Hồ Chí Minh,ChIJucCcDGIodTEROxpg3Pmlm9E,Dieu Phap Buddhist Temple,2606
Thành phố Hồ Chí Minh,ChIJpZDb0bkudTERgMF_JBnSSIU,Phat Bao Buddhist Temple,313
Thành phố Hồ Chí Minh,ChIJwQLzK_YodTERmLFQ8Wcai-k,Phù Châu miếu (Miếu Nổi),1291
Thành phố Hồ Chí Minh,ChIJeZEukp4pdTERXuTgJ2UR2ZQ,Huyen Trang Buddhist Temple,212
Thành phố Hồ Chí Minh,ChIJm6kEFo0udTER9wv2PbNFmfY,Khanh Van Nam Vien Taoist temple,261
Thành phố Hồ Chí Minh,ChIJUfHzsi4vdTER-Gl-10qD2Oc,Minh Dao Buddhist Temple,222
Thành phố Hồ Chí Minh,ChIJuwMy1vcrdTERg-TJoG36tU4,Di Lac Buddhist Temple,423
Thành phố Hồ Chí Minh,ChIJjazLtaMudTER1DiyWajnjLg,Phat Ba Quan Am Buddhist Temple,278
Thành phố Hồ Chí Minh,ChIJgzvNrd8odTERPkK8R_Dkftk,Van Hanh Monastery,483
Thành phố Hồ Chí Minh,ChIJl0cvY0HTCjERWNVtWB2Rd9U,Temple of the Lonely Buddha,1582
Thành phố Hồ Chí Minh,ChIJaXK5sjMpdTERn1Ewy4BHiuQ,Hai Quang Buddhist Temple,546
Thành phố Hồ Chí Minh,ChIJY72F5SEvdTER9yAlrOtifLQ,Ky Vien Buddhist Temple,120
Thành phố Hồ Chí Minh,ChIJHdwtuK0odTERdJqjrYAsdb8,Van Thanh Buddhist Temple,229
Thành phố Hồ Chí Minh,ChIJFTVvY-4udTER6xBeoPgw7cY,Giac Hoang Buddhist Temple,256
Thành phố Hồ Chí Minh,ChIJLwkHbh0sdTERtRAoh2NvC9I,Buu Quang Buddhist Temple,130
Thành phố Hồ Chí Minh,ChIJI6i_-aApdTERD7nh_LAwggk,Thoi Hoa Buddhist Temple,106
Thành phố Hồ Chí Minh,ChIJk4WiYZAudTER0UqmuigUZi0,Giac Vien Buddhist Temple,218
Thành phố Hồ Chí Minh,ChIJr5gwFa0pdTERU0qDAvAj2Ak,Ky Quang 2 Buddhist Temple,942
Thành phố Hồ Chí Minh,ChIJh1IXMwIsdTERRB5lSj9ccB8,Chùa Pháp Vân,658
Thành phố Hồ Chí Minh,ChIJ1Zcy3-godTER_E55g5WVve8,Gia Lam Buddhist Temple,576
Thành phố Hồ Chí Minh,ChIJIf6typEpdTERo4eu2Kb48b0,Tu Tan Buddhist Temple,439
Thành phố Hồ Chí Minh,ChIJob3qvYUpdTERpO3gnzKkxs4,Go Vap Leaf Buddhist Temple,349
Thành phố Hồ Chí Minh,ChIJe7TE_4UudTER1tcUme4s5C8,Tuyen Lam Buddhist Temple,475
Thành phố Hồ Chí Minh,ChIJW-R54dMndTERRHpo1NV1OIg,Hue Nghiem Buddhist Temple,1120
Thành phố Hồ Chí Minh,ChIJf0wErL4odTERkoHxFHLF7-M,Long Van Buddhist Temple,473
Thành phố Hồ Chí Minh,ChIJmd_Ow9cudTERUWlx184dZZA,Buu Da Buddhist Temple,287
Thành phố Hồ Chí Minh,ChIJEZUPtAgtCzERwXvMPFJZp_8,Khu du lịch sinh thái Củ Chi Fosaco,210
Thành phố Hồ Chí Minh,ChIJAZJk38ErdTERQxR2TumxHUg,Hoc Mon Eco-tourism Park,484
Thành phố Hồ Chí Minh,ChIJ03nAUhoodTERuHPvu9NQgs4,Khu Du Lịch Sinh Thái Thanh Cảnh,154
Thành phố Hồ Chí Minh,ChIJkeIn2VzRCjERtGOnZhlTdvs,Chavi Garden - Khu du lịch sinh thái giáo dục trải nghiệm,538
Thành phố Hồ Chí Minh,ChIJbUoU6sYndTERH3unRXmuaW0,Khu Du Lịch Sinh thái Vàm Sát,1086
Thành phố Hồ Chí Minh,ChIJLdC-WtV1dTER7rcIi9SI3Ik,Khu du lịch sinh thái Ngọc Xương,549
Thành phố Hồ Chí Minh,ChIJWzQIdnMpdTERHUQkeX_FyU4,Pro Farm,935
Thành phố Hồ Chí Minh,ChIJB5G6M1cEczER-lCRnJP3uUc,Bù Gia Mập National Park,2549
Thành phố Hồ Chí Minh,ChIJ8zRFUHapCjERfYhtXuf0d8Q,Homestay Hạ Thảo,800
Thành phố Hồ Chí Minh,ChIJhyTvXxXhdDERhXfMaOVE1jY,Giang Dien Waterfall Eco Resort,2286
Thành phố Hồ Chí Minh,ChIJ7XvzuAhZdTERXbil-wXu9bw,Khu Du Lịch Sinh Thái Làng Yến,615
Thành phố Hồ Chí Minh,ChIJ758t6iKoCjERx_FYu5NpKVs,Khu Du lịch - Văn Hóa & Thể Thao Lan Vương,4507
Thành phố Hồ Chí Minh,ChIJybEnfkcdNzERkyNwtJ2Pg-g,Vườn Quốc Gia Bến En,133
Thành phố Hồ Chí Minh,ChIJo0DwcYUrdTERrGbRfCeVDHw,Giong Junction Martyrs' Memorial,990
Đà Nẵng,ChIJ2y5L4dQNQjERxeSLc68fbrw,The Marble Mountains,36667
Đà Nẵng,ChIJBQHuNG49QjER7Mb_Y2I64mk,Ban Co Peak,3946
Đà Nẵng,ChIJI4oSjdE9QjERlXMiA630YKs,Hải đăng Tiên Sa,389
Đà Nẵng,ChIJW0KcgfI9QjERJpkPfjssyfo,Ghềnh Bàng,988
Đà Nẵng,ChIJ9fqsdOcZQjERZcIMEHw3HtY,Sun Wheel,5450
Đà Nẵng,ChIJrVOLzgUXQjERRuyvUi8WxkQ,Bãi biển Sơn Trà,310
Đà Nẵng,ChIJyWFmArX3QTERon6tUT6re4Q,Ba Na Hills,56945
Đà Nẵng,ChIJ_XkaoQs-QjER_IUTHqI3gI8,Mũi Nghê,120
Đà Nẵng,ChIJ4QBQgowZQjERs200POAfAZs,Tượng Cá Chép Hóa Rồng,975
Đà Nẵng,ChIJ08DIzjY9QjER4ldy4JXZBLA,Nhà Vọng cảnh,981
Đà Nẵng,ChIJK7np93r3QTER83RICZfg9Po,Hoa Phu Thanh Tourist Area,1778
Đà Nẵng,ChIJgaLldI0ZQjEReQCfThP_6CQ,Wonder Park - Wyndham Danang Golden Bay Hotel,1289
Đà Nẵng,ChIJ32G8gRcXQjER-IRfiq9vI4g,East Sea Park,2281
Đà Nẵng,ChIJQWQVKr4ZQjERcafNnRyLelk,DD WONDERLAND,389
Đà Nẵng,ChIJ82xzp-P2QTERILtIbFc49nk,Đỉnh núi Chúa,150
Đà Nẵng,ChIJj9PFGT33QTERDbUKRxFsdmM,Golden Bridge,10405
Đà Nẵng,ChIJ6R3K0vz2QTERRGpzbkKvt4o,Fantasy Park,2694
Đà Nẵng,ChIJLWoAs80ZQjERLKHDYD-ZymI,Da Nang Museum of Cham Sculpture,7443
Đà Nẵng,ChIJ17GORdEXQjERhkujx-kwJA0,Khu Du lịch Sinh thái Suối Rạng,249
Đà Nẵng,ChIJB7NiEoP2QTERm1eL-dZuTKY,Giếng Trời,106
Đà Nẵng,ChIJkatEeMwZQjERnAUKgmrbNgQ,Da Nang Fresco Village,835
Đà Nẵng,ChIJRUunTGMFQjERzHlxjqqYG0A,Rừng thông Bồ Bồ,132
Đà Nẵng,ChIJSRWy6Hr3QTERiU3vuI0PbHw,Khu Du Lịch Sinh Thái Lái Thiêu Glamping - Green World,219
Đà Nẵng,ChIJK6kWGiAaQjERBYAXkIOPeCw,Sinh thái Khuê Trung,643
Đà Nẵng,ChIJLTomluP3QTERUy-b9iAYR8U,Khu du lịch sinh thái Suối Hoa,118
Đà Nẵng,ChIJEymIkTYYQjERWO-pgjkKGMk,Đà Nẵng Museum,2862
Đà Nẵng,ChIJyUQ4aw72QTERCXl5YV-4U1w,Ba Na Hills SunWorld,50979
Đà Nẵng,ChIJ78thjjYYQjERkiy-c9ebVPE,Danang Fine Arts Museum,1341
Đà Nẵng,ChIJkzSVjMoZQjERwedbE3VmKt4,Chùa Pháp Lâm,557
Đà Nẵng,ChIJo8fznMYZQjERNtNTUT-ZJyk,Ho Chi Minh Museum,1462
Đà Nẵng,ChIJRZhHIMkZQjERYBH-5S1xKNg,Pho Da Temple,170
Đà Nẵng,ChIJSVml6fQZQjER1-XVw7C0dzc,Center Expo,1186
Đà Nẵng,ChIJFe2bL-P2QTERgj8U7CkouQw,Square Du DoMe Bana Hill,819
Đà Nẵng,ChIJ0TaKzTEYQjERTlrM9mbnTTg,Han River Bridge,4707
Đà Nẵng,ChIJzX1dFjAZQjERswowf61V1fk,APEC Park,1673
Đà Nẵng,ChIJESVRvSEWQjERO4GSGMlRPCY,Mũi Súng,143
Đà Nẵng,ChIJKcP9Y98bQjERLTMUWmf5_7Y,CÔNG TY CỔ PHẦN DU LỊCH DANAGO,659
Đà Nẵng,ChIJfQNjLMYQQjERo1m_A0X8aLE,Non Nuoc Pagoda,3221
Đà Nẵng,ChIJ7yPzc5IZQjERRYqboNUri-0,Company Limited Green Tree Landscape Lotus Vietnam,122
Đà Nẵng,ChIJ9_dffMQQQjERuJbqVGdSysY,Tam Thai Pagoda,180
Đà Nẵng,ChIJq4zgaFg9QjERprhdirShBnM,Da Nang tourism Green - Danang Green Travel,341
Đà Nẵng,ChIJWw3ooPk9QjERThRNgePJk8I,The Monkey Mountain,172
Đà Nẵng,ChIJEf1GVMoZQjERQxbPWFvFiKI,Chùa Bát Nhã,348
Đà Nẵng,ChIJHZakNa8ZQjERWNFToM16eB4,Linh Ứng Pagoda,6291
Đà Nẵng,ChIJzZIDV8kZQjERTULMJIMQCJI,Chùa Tam Bảo Theravāda,168
Đà Nẵng,ChIJFcwRbw4RQjERcjUEdLgHoxM,Chùa Linh Ứng – Ngũ Hành Sơn,1263
Đà Nẵng,ChIJ1297YjgaQjER6C5qHffG1mg,Chùa Nam Sơn,1658
Đà Nẵng,ChIJ-cf9B7wQQjERutUzeynzw8w,Quan The Am Pagoda,1226
Đà Nẵng,ChIJyd-t1B0ZQjERVSYFtVbYms8,Thiền Viện Bồ Đề,465
Đà Nẵng,ChIJsdeOrV8XQjER8weQ8Az-w5c,Ba Da Pagoda,220
Đà Nẵng,ChIJabEOcucXQjER-8MNU9FNODw,Lady Buddha,3212
Đà Nẵng,ChIJScw1IL8QQjERC4mrjbPZJso,Tu Tam Pagoda,109
Đà Nẵng,ChIJASjStc0ZQjERf8hQfCEJ8JA,An Long Temple,111
Đà Nẵng,ChIJjSW46SIZQjERJ0efETPOHnE,Chùa Quang Minh,157
Đà Nẵng,ChIJCRy3iv_2QTERfZxGJkIMHHQ,Chùa Linh Ứng - Bà Nà Hill Ticket,130
Đà Nẵng,ChIJW_VmUeEXQjER6EHM1Q2a_7I,Buu Dai Son Pagoda,280
Đà Nẵng,ChIJ75pYOI8ZQjEReb8Mw6ThCZQ,Da Nang Cathedral,2386
Đà Nẵng,ChIJVUAbD1caQjERh_FC2Elj0hQ,Quang Chau Pagoda,161
Đà Nẵng,ChIJOxVypBYRQjERMmK2P6JbzF0,Động Âm Phủ,133
Đà Nẵng,ChIJHx_RWHwOQjERwQLNsabR-dk,Đình Cẩm Phô,194
Đà Nẵng,ChIJ0wVgLJemQTERunn1THqLJvc,Thiên Mụ Pagoda,17732
Đà Nẵng,ChIJAQAAwHEOQjERE9cMdMo-R7U,Chùa Chúc Thánh,369
Đà Nẵng,ChIJFzkgXmA9QjERbjn2eoPqMn8,Tinh Vien Son Tra,722
Đà Nẵng,ChIJacvb86UhQjERCwtXf5Krkpo,Khu Du Lịch Sinh Thái Thủy Lâm Viên,143
Đà Nẵng,ChIJq56yCur3QTERYlOCLaSCVwQ,Làng Toom Sara Đà Nẵng,488
Đà Nẵng,ChIJwbfPdZX3QTERj8sw7f5uZPA,Hot Springs Park - Công viên Suối khoáng nóng Núi Thần Tài Đà Nẵng,4241
Đà Nẵng,ChIJuWpVCYshQjER5IiRnaGt62Y,Yên Retreat,393
Đà Nẵng,ChIJoXCw9ygdQjERHNkTaEadReM,BANA RITA GLAMPING FARM,141
Đà Nẵng,ChIJMfcDhErhQTERWK15zDnqz88,Dong Giang Gate of Heaven Eco-tourism Area,1186
Đà Nẵng,ChIJlxydWJEZQjER5GSMuHJHtak,VỌC Glamping,244
Đà Nẵng,ChIJAffBLFaMQTERd9T1pJxKOuw,Bạch Mã National Park,246
Đà Nẵng,ChIJI2C0YAv3QTERv6S9pXYs-pU,BORO Campsite,208
Đà Nẵng,ChIJL710Z-gZQjERTwK6WEaLM1c,Danang Children's Palace,1339
Đà Nẵng,ChIJC_pL4-qPQTER6A9-KjSG2zw,Khu du lịch sinh thái Suối Tiên,124
Đà Nẵng,ChIJybEnfkcdNzERkyNwtJ2Pg-g,Vườn Quốc Gia Bến En,133
Đà Nẵng,ChIJ72Cf1fUXQjER37hL-Uv9SVU,Phước Mỹ Beach,187
Đà Nẵng,ChIJh3K0K1RhNDEREXbFmPaEF_w,Ba Vi National Park,2433
Đà Nẵng,ChIJI85kEAAZQjERpstMFkP60mc,Khong Gian Xua,2121
Đà Nẵng,ChIJYy3rrs4ZQjER3g_-SEo5WPU,Công viên 29/3,352
Đà Nẵng,ChIJgysWWAAXQjERmbYXe3pph8A,Vườn Bia Cậu Cả - 38 Nguyễn Văn Thoại,134
Đà Nẵng,ChIJPQw247sZQjERXlCopH3mlEc,Cafe VIP Vườn,462
Đà Nẵng,ChIJA8sOy40XQjERuvqCLVwBK-Q,Công viên Cá Voi - Whale Park,841
Đà Nẵng,ChIJ2UXfmGKhOTER62AlNxmgqMM,Vu Quang National Park,376
Đà Nẵng,ChIJ1Qr0lk66ODERsFgeYSxKO10,Phong Nha - Ke Bang National Park,846
Đà Nẵng,ChIJcVJkUPcXQjERsA8_dfySw5E,3D Museum Art in paradise Da Nang,3103
Đà Nẵng,ChIJlSU-B65FCjERNZMabrV_8u0,Tram Chim National Park,3368
Hải Phòng,ChIJDxOfoHRtSjERT0Y712xabg8,Khu du lịch Đồi Rồng Đồ Sơn,765
Hải Phòng,ChIJdf0kbI96SjERLlYkKlY7IS0,Hang Kenh Communal house,278
Hải Phòng,ChIJEwK7mwRtSjER-c5D24XeBIU,Khu du lịch quốc tế Đồi Rồng,515
Hải Phòng,ChIJ6dprV4t6SjER14hJd37915k,Đài phun nước Quảng trường Trung tâm thành phố,620
Hải Phòng,ChIJGS908PN6SjERsdu-MK9mRAo,Hai Phong Museum,686
Hải Phòng,ChIJubPzLLh7SjERCNiPR6o9ZWM,Phố đi bộ Hải Phòng,273
Hải Phòng,ChIJZ7i4zol6SjERmBsyugFTGes,Du Hang Pagoda,754
Hải Phòng,ChIJwwTlg4d6SjERL-6kOYBOkpE,Pho Chieu Pagoda,585
Hải Phòng,ChIJQS5EE1plSjERs9lak0sBcwA,Từ Lương Xâm,112
Hải Phòng,ChIJM12oFAJjSjERAEJBdNOayb0,Chùa Tràng Kênh,298
Hải Phòng,ChIJHYImx-JiSjER7SHjWYvbBkc,Di Tích Bạch Đằng Giang,3412
Hải Phòng,ChIJwV3eYrVtSjERO49xmersB9E,Co Chin Temple,352
Hải Phòng,ChIJofXHwhtsSjERhU9ITF46-4I,Đền Bà Đế,492
Hải Phòng,ChIJb3oKyrtlSjER1QlHzAfGyU4,VinWonders Vũ Yên,777
Hải Phòng,ChIJ_____0pESjERjwipLDA-kV4,Cat Ba National Park,4487
Hải Phòng,ChIJc6OTyt16SjERspf7x_6NmMM,Chùa Đỏ,624
Hải Phòng,ChIJsS68IYt6SjERO7JM41NG_UI,Statue of General Le Chan,656
Hải Phòng,ChIJl5sHX1pDSjERcWTVWgT3IYw,Trung Trang Cave,2001
Hải Phòng,ChIJwRk16oZ0SjERD8bE3c_UCHw,Thang Phuc Pagoda,203
Hải Phòng,ChIJ6abvkD1DSjERFnLfwbztjU8,Đỉnh Ngự Lâm,540
Hải Phòng,ChIJCZXaH7RwSjERjtddOZJc77M,Chùa Hồng Phúc,229
Hải Phòng,ChIJg9WvUH9FSjER3e8-NX2rZSY,Bãi tắm Vạn Bội,160
Hải Phòng,ChIJQZlVpBV7SjERollTfrTT6qo,HaiPhong Opera House,2142
Hải Phòng,ChIJ9WQz5XZtSjER7fte_AEfJHw,Khu 2 Bãi Biển Đồ Sơn,595
Hải Phòng,ChIJDxd31X9wSjER2gjaBNhiKk0,Dong Thien Pagoda,170
Hải Phòng,ChIJVxBOQ_VFSjERuQkw8qSqmtQ,Bãi tắm Tùng Thu,498
Hải Phòng,ChIJZTT7BUqANTERBzDkY_ke7JE,Đền Cao An Phụ,498
Hải Phòng,ChIJq6qqqpd1SjERK2lWijWURBg,Tien Lang hot mineral water springs,265
Hải Phòng,ChIJ4Wu-yp1-SjER4O_yJ9D5auw,Linh Son Tu,161
Hải Phòng,ChIJ_____89zSjERhI1KEPKyHXs,Navy Museum,260
Hải Phòng,ChIJb1fQEu96SjERrFaZmifwx2c,Du lịch hải phòng,161
Hải Phòng,ChIJp9tiou56SjERWFcNTKFGpBo,Haidang Plaza,1857
Hải Phòng,ChIJAydOBqN6SjERrp7LYZK3k2o,Miếu Bà Chúa Năm Phương Cây đa 13 gốc,222
Hải Phòng,ChIJZdA2QA-GNTERgiNRnZOdYgQ,Cây Vải Tổ - Thanh Hà,341
Hải Phòng,ChIJib_J5CxlSjERpFU71o_MOgo,Vinpearl Golf Haiphong,715
Hải Phòng,ChIJ--5d9Bx7SjERDpCGmeMymp8,Lach Tray Stadium,381
Hải Phòng,ChIJka_uqpF6SjERkv35pU47w1k,Czech VHLD Vietnam Friendship Palace,800
Hải Phòng,ChIJu4JTsIovdTERIURx2cG9jfQ,Bãi Rạng,586
Hải Phòng,ChIJM9d8nEhZSjERJv5nVOPuujQ,Dau Go Cave,1435
Hải Phòng,ChIJEWH-euR7NTER-l5x7LX4qpI,Bãi Rễ Côn Sơn,148
Hải Phòng,ChIJETPkDbt6SjER_-BAO3Uu8rE,GO! Hải Phòng,6080
Hải Phòng,ChIJLdNEY7NwNTERYKd9i8EyK3g,Kiep Bac temple,2650
Hải Phòng,ChIJyZJ1WV96SjERyorB-O6sh-0,Gia Viên Restaurant and event centre Hải Phòng,361
Hải Phòng,ChIJtWAXTWB6SjERvs56oGWypFo,Tam Bac Lake,252
Hải Phòng,ChIJ33jkLpx6SjERXN5OYeH_OWA,Vietnam Maritime University,1014
Hải Phòng,ChIJ5UtsE7FwSjERT1IaOBVGsaU,3rd Military Region Museum,312
Hải Phòng,ChIJ_____756SjERMlapAiWxi_U,Chùa An Đà,135
Hải Phòng,ChIJv_2TvYh6SjERs2oriBsUvNU,Chua Hang Kenh,180
Hải Phòng,ChIJ4WOAgIBwSjERShQykZhsQHU,Hai Ninh Temple,256
Hải Phòng,ChIJI2aw1iV7SjER3YiO-ksbUvY,Cây đa 13 gốc,143
Hải Phòng,ChIJGwu3vo56SjERVs7AckpGG4o,Miếu Trung Hành & Chùa Hưng Khánh,212
Hải Phòng,ChIJMQEFyPlzSjERGYhiEvjMcBc,Đền Mõ,142
Hải Phòng,ChIJxQ08a9dvSjERx5PANckd52A,Sinh thái Tâm Anh,149
Hải Phòng,ChIJe4wuVvR2SjERZGQbtcWohs8,Đảo Bầu,166
Hải Phòng,ChIJ1aSxZjlxSjER2Mt4DbWEjFc,Big Sun,155
Hải Phòng,ChIJqwfEsox6SjER08eQPP15wHE,Nguyen Van Troi Flower Garden,506
Hải Phòng,ChIJE00Dh5x7NjERJnIicVFMXNY,Thung Nham Ecotourism Zone - Ninh Binh,6326
Hải Phòng,ChIJh3K0K1RhNDEREXbFmPaEF_w,Ba Vi National Park,2433
Hải Phòng,ChIJlSJe5-8gNTEROyHom-oc0vw,Thai Hai Reserve Area of Ecological Houses-on-stilts Ethnic Village,1549
Hải Phòng,ChIJm6pvVSp7SjERsgcuw00xCSY,Phố đi bộ Tam Bạc,209
Hải Phòng,ChIJOdunEuTfNTER-fX81A5uQvk,Khu du lịch sinh thái Núi Ngăm,494
Hải Phòng,ChIJLVpZRzyoNTERw1sOIVu6BSk,Khu du lịch sinh thái Cánh Buồm Xanh,444
Hải Phòng,ChIJq6qq6mXqSjERf1TjHowS2ek,Khu DL Sinh thái Khe Rỗ,128
Hải Phòng,ChIJJ_653JBESjERH1E1wAQa-Wo,Military Hospital Cave,1922
Hải Phòng,ChIJbdsB00z-STERmiPsIGwV1NU,Xuan Thuy National Park,923
Hải Phòng,ChIJybEnfkcdNzERkyNwtJ2Pg-g,Vườn Quốc Gia Bến En,133
Hải Phòng,ChIJPw_uKBGDNjER3OgqWn98mCs,Cuc Phuong National Park,4465
Hải Phòng,ChIJ8QyghInCNDER5RRaSnD8mkY,Tam Dao National Park,946
Hải Phòng,ChIJ1Qr0lk66ODERsFgeYSxKO10,Phong Nha - Ke Bang National Park,846
Hải Phòng,ChIJw3Uk0-F7SjERkGltPATdJRU,Nam Cau Kien Industrial Park,231
Hải Phòng,ChIJsXkBdTMFyzYRHwWEAewB4yo,Ba Bể National Park,2082
Hải Phòng,ChIJT4s2O3B7NjERRr1E8IzgEcs,Khu du lịch sinh thái Thung Nham - Ninh Bình,1144
Hải Phòng,ChIJBX51iZp_NTERJrgrFq0wSEc,Quang Ninh Gate Tourist Attraction,2122
Hải Phòng,ChIJlSU-B65FCjERNZMabrV_8u0,Tram Chim National Park,3368
Hải Phòng,ChIJeUho8vJ6SjERBabhJ_fTod8,Nhà kèn,422
Hải Phòng,ChIJBx-0nN2tNTERzbQOv4SunB0,Du Lịch Trải Nghiệm Hải Đăng,206
Hải Phòng,ChIJbSjmQkL_STERxn6M0j851tY,Bãi biển Cồn Vành,3846
Hải Phòng,ChIJIXOT8QBjNTERgZPee5mmM7k,Ecological Tourist Area Suoi Mo,269
Hải Phòng,ChIJUa40zfZjSjER2_mm_RAx7k8,Khu Di tích lịch sử Quốc gia đặc biệt Bạch Đằng Giang,380
Hải Phòng,ChIJ2ZaOBINgNDERN-P36aHeTNg,Khu Du lịch sinh thái Long Việt,456
Hải Phòng,ChIJ2UXfmGKhOTER62AlNxmgqMM,Vu Quang National Park,376
Hải Phòng,ChIJaYBtc597SjERNJvbnAt42GU,VSIP Haiphong,696
Hải Phòng,ChIJU0810pp7SjER9ireT4rJp9I,Vincom Plaza Imperia Hai Phong,1264
Hải Phòng,ChIJhacZYCRhNDERBaOq3ehT1cs,Eduland Ba Vì - Du Lịch Trải Nghiệm Sáng Tạo,117
Cần Thơ,ChIJ00wLIwBjoDERFXroXMKlnFA,Can Tho Love Bridge,159
Cần Thơ,ChIJu9qTRv-IoDERYsDU5kaUKE0,Relic Park Plums,240
Cần Thơ,ChIJrXOGGmiHoDER7XWPmQQylEI,Binh Thuy ancient house,1921
Cần Thơ,ChIJ2ZB0nqFioDERmyMFHSwO7Bg,Can Tho Museum,656
Cần Thơ,ChIJxXIAnp5ioDEReccTmFEE_0U,Chùa Ông Cần Thơ ( Quảng Triệu Hội Quán ),1008
Cần Thơ,ChIJj7ChD6FioDERSajo1ygxN8o,Military Zone 9 Museum,748
Cần Thơ,ChIJuy1ZbK6JoDER_vkzVnfJdVQ,My Khanh Tourist Village,5862
Cần Thơ,ChIJE7DLOfGJoDERgQnrVGMP0_c,Khu Du Lịch Lung Tràm,255
Cần Thơ,ChIJZcwiWkCJoDERcilFNnLwHNA,Làng Du Lịch Sinh Thái Ông Đề,1677
Cần Thơ,ChIJMVFmzrpioDER3YHrEJ4lO9g,Song Hau Park,2463
Cần Thơ,ChIJve5sHvSHoDERsxyHh8d7uTA,Cá Lóc Bay Tín Hoà,181
Cần Thơ,ChIJ26a2Fp2HoDERkiGKw5o93cg,Đền thờ Vua Hùng,1101
Cần Thơ,ChIJjS00tq-JoDERmDjx9Wm1ss0,Cai Rang Floating Market,7824
Cần Thơ,ChIJ8ZDqO6BioDERquhDdFduDA8,Muniransay Khmer Buddhist Temple,462
Cần Thơ,ChIJWfJgaEaJoDERmIoFJ89z2v4,Trúc Lâm Phương Nam Zen Monastery,5756
Cần Thơ,ChIJmXMcg352CjER63PUacCE1fE,Bang Lang Stork Sanctuary,694
Cần Thơ,ChIJ5QTvFiKIoDERIjyRfW6VRrU,Quang Duc Pagoda,175
Cần Thơ,ChIJdW6ls5hioDERKwajrPmmzWU,Can Tho Market,1352
Cần Thơ,ChIJ5ejFPKJioDERBL8XniD7Vz0,Ho Chi Minh Monument,104
Cần Thơ,ChIJkcg5BnhjoDERsncKMBevB9E,Du lịch Nụ Cười Mê Kông (Mekong Smile Tour),399
Cần Thơ,ChIJVebbrf2LoDER5F33hOvybik,Khu Du Lịch Lung Cột Cầu,502
Cần Thơ,ChIJcT7kqphioDERXSiCxdpLpsY,Ninh Kieu Wharf,15223
Cần Thơ,ChIJC2xvYKFioDERfaTVYX0xYdc,Historic Prison Can Tho,109
Cần Thơ,ChIJ_6QcMneJoDERmf7u3psp4Jk,Khu di tích Giàn Gừa,170
Cần Thơ,ChIJv827T59ioDERaZaMJ1lhmF8,Chợ đêm Ninh Kiều,1076
Cần Thơ,ChIJNXerj9CJoDERK7cXSQ3lAV8,Vườn Sinh Thái Lữ Gia Xẻo Nhum,559
Cần Thơ,ChIJdyBwTb5joDERq076RMn3d3Q,Purple House,1616
Cần Thơ,ChIJR-lV82WLoDERjIIBmtId-H4,Khu di tích Chiến thắng Tầm Vu,161
Cần Thơ,ChIJ78E1naBioDER9nl3GiockCA,Pitu Khosa Rangsey - Khmer Prey Russey Pagoda,114
Cần Thơ,ChIJZ5DajeNjoDER9MB3oTXD-KM,Công Ty Du Lịch Lữ Hành Quốc Tế An Nam Travel Cần Thơ,121
Cần Thơ,ChIJxcU4-ZtjoDERz4_miiE6Blo,Mekong Realism,140
Cần Thơ,ChIJI6Fa43aOoDERuAhuERXBZJE,Historical relic victory he Hao,136
Cần Thơ,ChIJRxEIf55ioDERiVsZNhwHMZQ,Cathedral of the Diocese of Can Tho,389
Cần Thơ,ChIJoZA7sqNioDERvqfC6XLi38k,Can Tho Cruise Restaurant,426
Cần Thơ,ChIJz5ZJLrlioDERN3DW2fLVMzU,Legacy Mekong,742
Cần Thơ,ChIJ7ZWfKWY_dTER4pixBUMCFhk,Tourism Rung Sac Can Gio,1864
Cần Thơ,ChIJkaPeYMGHoDER2tAcq7LpeiU,Nam Nha Temple,235
Cần Thơ,ChIJh5k_pDiJoDERz8bYV7hN8DI,My Khanh orchard,665
Cần Thơ,ChIJ2-jYqbeHoDERGsazhT-WL7w,Co Bac Wharf,1020
Cần Thơ,ChIJIatBxveLoDERH9vjDhaj5lY,Cantho Eco Resort,2414
Cần Thơ,ChIJJR4ts7uHoDERaLlv6Ro97ho,Cồn Sơn,486
Cần Thơ,ChIJI22wLBGIoDERDyKs-xeV4v4,Hoa Vien Thanh Dat,569
Cần Thơ,ChIJI_elpkGJoDERvmDYuSBHWrw,Vườn Ca Cao Mười Cương,284
Cần Thơ,ChIJi61qC0uJoDERw-SB7t-3VAw,Vam Xang Orchard,227
Cần Thơ,ChIJ3yy4OqBioDER4RNTf8MLYFI,Chùa PHẬT HỌC,152
Cần Thơ,ChIJ62dVZIKIoDERfCf5m5b5Avo,Long Quang pagoda,222
Cần Thơ,ChIJMwIuC-SHoDERV5o7KTWH37k,Hội Linh Cổ Tự,117
Cần Thơ,ChIJ8-rCO6BioDER2OzuWi7pMvU,Chùa Khmer CẦN THƠ ( វត្ត មុនីរង្សី),300
Cần Thơ,ChIJlYITXiGIoDERuuhMEwUproM,Chùa Bửu Trì,102
Cần Thơ,ChIJJYSlq8aHoDERPLFioZpUpn4,Binh Thuy Temple,800
Cần Thơ,ChIJt5xx8cRioDERT_i4u1o9KQE,Bodhi Ancient Pagoda,203
Cần Thơ,ChIJlVapdgGGoDERhEu0-UVpxVQ,Chùa Phước An,206
Cần Thơ,ChIJn7RJk7yJoDEReCOEcgUe7hs,NHÀ DÁT VÀNG CẦN THƠ,589
Cần Thơ,ChIJY6sT27p_oDERyA3vfENbi2M,Lotus Pagoda,2557
Cần Thơ,ChIJfbRvHSCIoDERqLTuYq-Nbjg,Luu Huu Phuoc Park,5866
Cần Thơ,ChIJFxL2-OOHoDERNR6_mGvp8vE,Cultural Park West,705
Cần Thơ,ChIJsTvxiECPoDEREepXR-ewhFc,Du lịch sinh thái vườn trái cây Phi Yến,417
Cần Thơ,ChIJCZ73Y96OoDERRhnI3kbgjzw,Vườn sinh thái Tuấn Tường,228
Cần Thơ,ChIJvbLlkCWJoDERnMexEm9Dh0c,VÓ SÔNG FARM - KHU SINH THÁI ẨM THỰC,109
Cần Thơ,ChIJBxAuWOKJoDERsPWrqr0chJ4,Khu Sinh Thái Ẩm Thực QUÊ MÌNH,1150
Cần Thơ,ChIJA10rhZKJoDER2UZyQLJv9uM,Vườn sinh thái Tư Dũng,147
Cần Thơ,ChIJxXdgOHaJoDER_8VUr5gSltM,Vườn sinh thái Hoa Súng,537
Cần Thơ,ChIJ6V-lFEeJoDERMCvFnIHIvAA,9 Hong Fruit Garden,508
Cần Thơ,ChIJ--yoVwCJoDERkBysxN_bIig,Ẩm Thực Sinh Thái Tây Đô Farm,290
Cần Thơ,ChIJdcKUgCKKoDER0h-sBGzABAQ,Garden Ecology Bao Gia Vien,494
Cần Thơ,ChIJI9L2cVeJoDERxbcf9ANRth8,Làng du lịch Mỹ Khánh - Cổng 3,319
Cần Thơ,ChIJBTqe2HVrCjER_v3X1CgilrQ,Khu Du Lịch Sinh Thái Cồn Én,545
Cần Thơ,ChIJlSU-B65FCjERNZMabrV_8u0,Tram Chim National Park,3368
Cần Thơ,ChIJHQEAAGRDCjERAk3A2jw5OKY,Tram Chim ecotourism Dong Thap,1074
Cần Thơ,ChIJG0HvUP6HoDER3eW-3CIIeFs,Bake garden Korea Con Khuong Can Tho,809
Cần Thơ,ChIJlecQjH_JpjERvr4Dfi1EYXc,U Minh Ha National Park,782
Cần Thơ,ChIJybEnfkcdNzERkyNwtJ2Pg-g,Vườn Quốc Gia Bến En,133
Cần Thơ,ChIJySdJu3ddCjERchyWj9jrXeE,Khu du lịch sinh thái Gáo Giồng,1348
Cần Thơ,ChIJxSFydCJlCjERvcTezy9zcHE,My Phuoc Thanh Resort,1731
Cần Thơ,ChIJX92IOPeHoDERLMIPEnf2eBg,Resort Cồn Khương,1271
Cần Thơ,ChIJu_P34piJoDER5zYxQf1IJD4,Can Tho Ecolodge,1131
Cần Thơ,ChIJh3K0K1RhNDEREXbFmPaEF_w,Ba Vi National Park,2433
Cần Thơ,ChIJ758t6iKoCjERx_FYu5NpKVs,Khu Du lịch - Văn Hóa & Thể Thao Lan Vương,4507
Cần Thơ,ChIJAfNO_ENZoDERsT2OrUn9uX0,Khu Du Lịch Mùa Xuân,438
Nha Trang,ChIJEwTU1HtncDERBl13UGJnQ3Y,Tram Huong Tower,12037
Nha Trang,ChIJBzWpKwFfcDERKmYjvw4Ximo,Khu Du Lịch Trăm Trứng -100 Egg Theme Park,978
Nha Trang,ChIJ____YjZncDERGNP0e4TWvWw,Museum of Oceanography,2340
Nha Trang,ChIJUfK4YYxncDERfB2v8ZdvXxE,Po Nagar Temple,28943
Nha Trang,ChIJdb_UoJRpcDER33c4x2XzS5o,Monkey Island tourist resort,3373
Nha Trang,ChIJxyWUaShhcDERBuvbaj8N6eY,Bến Tàu Du Lịch Nha Trang,1480
Nha Trang,ChIJS-TJqbhjcDERzuMnle9w9MY,Hon Mun Marine Protected Area,1126
Nha Trang,ChIJs1Dr-dpgcDERpoTmal9PkHc,Bai Tranh Beach,2715
Nha Trang,ChIJQ7B6UUVncDERo0IrOUwWz20,Làng nghề Trường Sơn - Trường Sơn Craft Village,1044
Nha Trang,ChIJ-b9_ywNhcDERqvfgsQl7cnM,Đảo Hòn Tằm,494
Nha Trang,ChIJhXw0rLRlcDERiXwSJn5zot0,Robinson Beach Nha Trang,684
Nha Trang,ChIJNVBtLwBhcDER9c2xyzgerSE,Vinh San Ho 2,151
Nha Trang,ChIJ-7YJLtJgcDERqm4yySavcTE,Tri Nguyen Aquarium,1068
Nha Trang,ChIJBzs5uEZncDERU_cwDiDSh40,Bach Dang Park,472
Nha Trang,ChIJGzNN7gNfcDERCWb4EAUbJBo,KDL Galina Lake View,494
Nha Trang,ChIJ4fNk9-tncDEREaH8DVQWkmY,Hon Chong,7007
Nha Trang,ChIJP72FnzVocDERioMlOA6LQN8,Hang Heo,673
Nha Trang,ChIJH7NqVnhBcDER24Iz-nZuNGQ,Khu du lịch Ba Hồ,3018
Nha Trang,ChIJ6VnfP3ldcDERHoQBNdIRQhs,Long Son Pagoda,13974
Nha Trang,ChIJm3ky4ej3cDERinK80PAn17w,"Kong Forest Nha Trang - ATV, Zipline, Camping",639
Nha Trang,ChIJyye186tfcDER6l9lw7uQFtY,Koi Garden Cafe,489
Nha Trang,ChIJQxCZQ8pncDERBgzNVbuTjK8,Đài thiên văn Nha Trang,264
Nha Trang,ChIJqVXSA7JrcDERDhKQJD82NwU,Hoa Lan Island Resort,2507
Nha Trang,ChIJNRWQFKphcDERS23b1bQKsYU,Soi Beach on Soi Island,522
Nha Trang,ChIJd2fjtHNZcDERWg15VIwqMXE,Khu Du Lịch Suối Tiên,577
Nha Trang,ChIJoyuvng5ccDERytVW8tsIa6M,Suoi Do Pagoda,955
Nha Trang,ChIJl2ASA39dcDERppvqWwIMvsI,Vo Van Ky Park,287
Nha Trang,ChIJLwTKuoNncDERlvQcxUAs52U,Khanh Hoa Museum,626
Nha Trang,ChIJWyKliYNncDERb7oXX4efWCM,Yersin museum,337
Nha Trang,ChIJuZu6AhhZcDERNr8QVoO_jGI,Dr Alexandre Yersin Tomb,208
Nha Trang,ChIJa_Rl9KBncDERMzuN8X6AXpA,Institute of Oceanography,1637
Nha Trang,ChIJR0Cr4n9dcDERhrCYXyjifKQ,Mountain Church,2652
Nha Trang,ChIJh9UFhS1pcDERqwgmlcpD6Xg,Chùa Đa Bảo,559
Nha Trang,ChIJVxcSBdpccDERbrSUePwrsRo,Tong Lam Son Temple Lot,516
Nha Trang,ChIJEa85S-tncDERJ5iWyQQUawE,Chùa Từ Tôn,349
Nha Trang,ChIJoxIT0W1dcDERVS9y_pVzXyU,Loc Tho pagoda,189
Nha Trang,ChIJxZEG8uZmcDERIQI8bEQdm9U,Truc Lam,141
Nha Trang,ChIJXee5OVZDcDERGjZLIFoWmLA,Am Chúa,134
Nha Trang,ChIJnTCjQJBecDERxpP64Dw5oCU,Nghia Son Pagoda,145
Nha Trang,ChIJf17apwXtcDERA0Vq-dFk-pA,Tu Van Pagoda,1395
Nha Trang,ChIJY4F6eUlFcDERm6u4_ILGo8E,Thanh Son Monastery,325
Nha Trang,ChIJqzg43jRncDER6n-M_N_YlnE,MerPerle Hòn Tằm Pier - Cảng Hòn Tằm,1965
Nha Trang,ChIJmVR90CRpcDERUPlNEpsWy9s,Đèo Lương Sơn,765
Nha Trang,ChIJ8Y_ukeRncDERKEpTrm30q9g,Ba Làng Church,228
Nha Trang,ChIJAQAAAMRPcDERFk2ve4ID2AI,Eco-Tourism Resort,1264
Nha Trang,ChIJo-J5RmpecDERb3SOXgZEmSk,100 Eggs Mud Bath,1959
Nha Trang,ChIJm6zJ8ahXcDERR9oHSkD2_00,Công Viên Du Lịch Yang Bay,241
Nha Trang,ChIJ0fqvkubAcDERTdP1fJZkCgo,Nui Chua Ninh Thuan National Park,2854
Nha Trang,ChIJHYHxRABhcDEROuWFHYkFaNs,Hồ cá Trí Nguyên,134
Nha Trang,ChIJw0pqxLlbcDERhH8h7WUQl7g,Phan Gia Xanh Natural Agriculture (Restaurant & Farmstay Halal),288
Nha Trang,ChIJ17k5t6DscDERhqJ_aK6uoHk,Khu Du Lịch Sinh Thái Sao Biển,1622
Nha Trang,ChIJ1T5opB5ncDERLumb5cHIZKE,Con Sẻ Tre Tourist Village,908
Nha Trang,ChIJTctI9fNBcDERM1AIRx3iFao,Suối Ba Hồ - Ninh Hòa,229
Nha Trang,ChIJZXkEt2P4cDERa5teyu1WydU,Hon Ba Nature Reserve,1320
Nha Trang,ChIJd2zQl_tpcDERaotjWE46ZwI,Bến tàu du lịch Long Phú,1762
Nha Trang,ChIJ651BEmVncDERY1Pj2Zhbs1Q,Phu Dong Park,110
Nha Trang,ChIJY0lvU6mKcDER_3E9y1onU7M,Khu Du Lịch Bãi Dài,2235
Nha Trang,ChIJT9j7fZZdcDERdtHzw13uI14,Khu ĐÔ THỊ Mỹ Gia,208
Nha Trang,ChIJ19TutTTrdjERpo5mAMYmLsU,Du Lịch Sinh Thái Bàu Trắng Minh Thái,3174
Nha Trang,ChIJybEnfkcdNzERkyNwtJ2Pg-g,Vườn Quốc Gia Bến En,133
Nha Trang,ChIJ1Qr0lk66ODERsFgeYSxKO10,Phong Nha - Ke Bang National Park,846
Nha Trang,ChIJlSU-B65FCjERNZMabrV_8u0,Tram Chim National Park,3368
Nha Trang,ChIJ_40Sxo9ncDERG8qsrZCUMcI,Alexandre Yersin Park,387
Nha Trang,ChIJtwY5-l5scTERRu6ig1d_VSY,Hoa Son Dien Trang Ecotourism Destination,3760
Nha Trang,ChIJV2zKDEDHcDERYgyCBoH1zrI,Vườn Nho Thái Đạt,513
Nha Trang,ChIJn56iNcZdcDERGbQKO_aZimg,Làng Yến Mai Sinh,852
Nha Trang,ChIJoR9smiZfcDERJVuQT8iuCrc,The Fairy Forest,1105
Nha Trang,ChIJU0P0CmkBcTER8yk9DRVAhBg,Phuoc Binh National Park,185
Nha Trang,ChIJadOayItncDERP_vLHQywFnw,Champa Island Nha Trang - Resort Hotel & Spa,4175
Nha Trang,ChIJh3K0K1RhNDEREXbFmPaEF_w,Ba Vi National Park,2433
Nha Trang,ChIJ8eGG9orrcDERG4RCmyddZt0,Fairy Stream Sheep Farm,1676
Nha Trang,ChIJXWSJRZcScTERtZHd6q_hgIo,Khu Du Lịch Sinh Thái Hiệp Lực,114
Nha Trang,ChIJhwcCPRT3cTERl0vZIjJBB-k,Kotam Community Resort,5005
Nha Trang,ChIJWzbQTzZTcDERjWaD1GqSnxs,Hon Giao Stone Stream,2397
Nha Trang,ChIJb2Sc1Q0fbzERhKU1rGMy6Cg,Ham Ho Travel Jsc,1986
Nha Trang,ChIJMehhMxTeczERaKXPTDtfvww,Tà Đùng National Park,387
Nha Trang,ChIJ7dKwRNIMcjERBnsYv8ZQ3o0,Yok Don National Park,540
Huế,ChIJ-zZHO4GhQTER8_Eb9kDoaEE,Hue Imperial City,20379
Huế,ChIJPZt-RtOmQTERxAUJSQM5Obw,Hue Historic Citadel,38200
Huế,ChIJRVlqMj2hQTERvNX9tYJ48mI,Hue Walking Street,2079
Huế,ChIJ0wVgLJemQTERunn1THqLJvc,Thiên Mụ Pagoda,17732
Huế,ChIJx9bGiwOkQTERDjpyrH8ydlk,Mausoleum of Emperor Tu Duc,9206
Huế,ChIJbYXDWDGhQTERSBKt9-VYIjI,Stage of Flag,880
Huế,ChIJ_f52qGqhQTER1DiQ_bSUgM0,An Dinh Palace,2671
Huế,ChIJ58gs3DKhQTERtSEeDWnArHY,Dien Tho Palace,229
Huế,ChIJq3G3BzuhQTERfnUyGO323K8,Nguyen Dinh Chieu Walking Street,1630
Huế,ChIJD6bZdTGhQTERfwVdUFJ06Oc,Nine Holy Cannons,298
Huế,ChIJ1wFe7FOlQTERFjNFcQ-6o_k,Thuy Xuan Incense-making Village,779
Huế,ChIJ7ZePIy6hQTERHP94LYVfeAI,Hue Museum of Royal Antiquities,1405
Huế,ChIJ-Ts5NrymQTERVSAkw3IwbjU,An Hien Garden House,988
Huế,ChIJlyBqsJujQTER6Y6YxlpXTfQ,Mausoleum of Emperor Khai Dinh,15149
Huế,ChIJIa4fEaOmQTERGpB__vTCN-4,Ho Quyen,384
Huế,ChIJu6CHTTGhQTERczjdMfgCKvA,Phu Van Lau,560
Huế,ChIJQxZMyTOhQTERv6zPXThS_UM,Meridian Gate,2006
Huế,ChIJCfF7STKhQTERI0kMdU-jpwQ,Thái Hòa Palace,411
Huế,ChIJpeT6Hk-hQTERsICw3tN0iZc,Thanh Toan Bridge,682
Huế,ChIJoZMP8i2hQTERpNzrutm4dR4,Cơ Hạ Garden,110
Huế,ChIJfQoBoKqmQTERa_q7jSJyCGs,Chùa Từ Hiếu,1682
Huế,ChIJg7gIaImjQTERQjXdxTkooV8,Hồ Thuỷ Tiên,1738
Huế,ChIJmSn-bDKhQTERhISiJWmesMI,Duyet Thi Duong Royal Theater,260
Huế,ChIJp98PgzKhQTERsGJ7Yi1Myp0,Kiến Trung Palace,429
Huế,ChIJD7geBQ6kQTERLZPjRWBN9yU,Hon Chen Shrine,287
Huế,ChIJHWPLozqhQTER9umDDWNoOoU,Thuong Bac Pavilion,175
Huế,ChIJQ_jagQakQTER_2VdENE9aQ0,Mausoleum of Emperor Dong Khanh,366
Huế,ChIJ0RRZRyahQTERi3rKTb8kpsQ,Dieu De Pagoda,315
Huế,ChIJSZ8W806hQTER6MKlPCF2_b4,Tu Dam Pagoda,865
Huế,ChIJX87mhB-hQTERNfuOB__I0vE,Bao Vinh Ancient Town,128
Huế,ChIJf9tX2UWhQTER7Gc-F4Wu3XA,Nhà Thờ Chính Tòa Phủ Cam,1812
Huế,ChIJJwOtZy2hQTER8iji0u4_DNQ,Four-direction Innocent Pavilion,329
Huế,ChIJ12jzhkCjQTERvHc880BdQOI,Mausoleum of Emperor Gia Long,1123
Huế,ChIJpyfDhwqkQTERlN49WWrv6-Y,Mausoleum of Emperor Thieu Tri,462
Huế,ChIJ4_C8k0OhQTEROO2SeAmwJ1w,Tomb of Dục Đức,192
Huế,ChIJ51JOejKhQTERpnU9ig45Br4,Thai Binh Pavilion,140
Huế,ChIJYz_SkIKjQTERwmXrib_gBM4,Standing Buddha Temple,721
Huế,ChIJObIw8f2lQTER-PburSaF3ic,Huyen Khong Son Thuong Pagoda,1481
Huế,ChIJ-fS8cYGkQTERiPoFuVSt_K4,Tomb of Minh Mang,5501
Huế,ChIJgYPRdDOhQTER7b-_Q7QechA,Nine Dynastic Urns,183
Huế,ChIJ8acKHJCmQTERCS5UbRmluqE,Temple of Literature,456
Huế,ChIJmxzb4oemQTERO_86VDpAHME,Temple Huyen Khong,736
Huế,ChIJVQZNdy6hQTERxqUtDJVwu9A,Không Gian Văn Hóa Lục Bộ,507
Huế,ChIJ2XItfwWkQTER4GeJERabNiI,Vong Canh Hill,2193
Huế,ChIJLR0BKe6hQTERJYYSapgHvLA,Tinh Tam Lake,108
Huế,ChIJnc1fSG-hQTERgCh6l_D8Vkc,Cửa Hiển Nhơn,107
Huế,ChIJcw-BCzOhQTERBemFegTIWY4,The To Temple,148
Huế,ChIJqVIC4kmhQTERa4FL9s7VZk0,Hồ Chí Minh Museum,329
Huế,ChIJRwC3vWOnQTERirUuVY7YRP0,Huong River Antique Pottery Museum,113
Huế,ChIJYdrF_kuhQTERSrY-pmvV3HU,Báo Quốc Temple,223
Huế,ChIJZVwaDvKhQTERLfYkC8dgWPQ,Hue Redemptorist Church,240
Huế,ChIJzZCx5sWjQTERCrrt2UZqaX0,Huyen Tran Cultural Center,373
Huế,ChIJcRI_RYyjQTERbLb-JUEnb4E,Thien An Monastery,689
Huế,ChIJ_____y-RQTERmrDHin_R2Uk,Bach Ma Zen Monastery,527
Huế,ChIJOde9Sd6lQTERupivZ7uujDY,Du lich sinh thai Về Nguồn. Huế,129
Huế,ChIJC_pL4-qPQTER6A9-KjSG2zw,Khu du lịch sinh thái Suối Tiên,124
Huế,ChIJAffBLFaMQTERd9T1pJxKOuw,Bạch Mã National Park,246
Huế,ChIJ67h54GqPQTER8HSuBThU13E,Bạch Mã Village - Thác trượt Bạch Mã,566
Huế,ChIJXeEmBHSVQTERQP49HuSmyMk,Khu du lịch sinh thái YesHue Eco,237
Huế,ChIJlxJqSviJQTERBeFG1h-6M14,Tollbooths Suoi Mo (Bald Mit),107
Huế,ChIJBwlQb6ALQTERhEHO4Z9aOCE,Rừng Rú Chá,489
Huế,ChIJuVF3xXeSQTERODHRleOPSo0,Hai Vong Dai Peak,332
Huế,ChIJ_ePeIDqkQTERsX3e3XU3gws,Sankofa Village Hill Resort and Spa,261
Huế,ChIJl6_zmoeSQTERqTOR3UfrV7M,Rhododendron Falls,180
Huế,ChIJXfT2oDyhQTERVoeAOdmBMQs,February 3 Park,668
Huế,ChIJybEnfkcdNzERkyNwtJ2Pg-g,Vườn Quốc Gia Bến En,133
Huế,ChIJ1z5ppSmkQTERgghDdQwgUA4,Hue Ecolodge,557
Huế,ChIJybCDcderQTER8xz35WQZ2mU,Alba Thanh Tan Hot Spring,743
Huế,ChIJYzduydiPQTERP-1EO7FhoRQ,Vedana Lagoon Resort & Spa Hue,1773
Huế,ChIJV2kUowiOQTERp4CHtdTxwnA,Thác Trượt Thủy điện,300
Huế,ChIJOwg68w2hQTERabdOJ5hvMBA,"Kobi Onsen Resort Hue, Affiliated by Melia",1146
Huế,ChIJVUAx2eqPQTER-pmIwlxQ0xw,Suối Khe Su - Hồ Điệp Quán,174
Huế,ChIJh3K0K1RhNDEREXbFmPaEF_w,Ba Vi National Park,2433
Huế,ChIJ1Qr0lk66ODERsFgeYSxKO10,Phong Nha - Ke Bang National Park,846
Huế,ChIJlSU-B65FCjERNZMabrV_8u0,Tram Chim National Park,3368
Huế,ChIJJwrvxD0nQjERoW5pYyDPEE0,Lap An Lagoon,3479
Huế,ChIJD5XAcCChQTERPAUqBxOcz3U,Nhà Hàng Vỹ Dạ Xưa,1952
Huế,ChIJa4m6leerQTERB2vqZVO-eTc,Alba Wellness Valley By Fusion,857
Huế,ChIJMfcDhErhQTERWK15zDnqz88,Dong Giang Gate of Heaven Eco-tourism Area,1186
Huế,ChIJK6kWGiAaQjERBYAXkIOPeCw,Sinh thái Khuê Trung,643
Huế,ChIJhzF_2R6hQTERvn55nOtDt9k,Nhà Hàng Cung Đình,853
Vũng Tàu,ChIJ2_rxV3hldTERwKpkO7NxdFo,Thuy Van Beach Vung Tau,638
Vũng Tàu,ChIJ44mD865vdTERtCY8ERYzuGA,Our Lady of Bai Dau Shrine,2699
Vũng Tàu,ChIJ55LkkI1vdTERkHfXN87uxrY,Front Beach Park,8957
Vũng Tàu,ChIJF0YafgBvdTER56f7LNxvVBk,Tháp Tam Thắng - Bãi Sau Vũng Tàu,356
Vũng Tàu,ChIJmWY-T4FxdTER4uW48na6dFg,Long Cung Beach,981
Vũng Tàu,ChIJQ77eg-ZvdTERmO4bjCV_2XM,Monument for War Heroes,905
Vũng Tàu,ChIJlT6uuxNvdTER9UBLxzwaLY4,Bãi Trước Vũng Tàu,194
Vũng Tàu,ChIJn-7imVtldTERAQvITlQ9u0M,Jesus Christ Statue,9998
Vũng Tàu,ChIJXRwD68VvdTERsA0fvL5rUXc,Công viên nước Vũng Tàu,379
Vũng Tàu,ChIJDZyD-9JldTER_SVJERg6sbw,Đồi Con Heo,609
Vũng Tàu,ChIJyamknvdxdTER2XqfYSE3MQM,BẾN THUYỀN VŨNG TÀU MARINA,416
Vũng Tàu,ChIJl330NcpvdTERHVhVpOV_UfA,Quảng Trường Trung Tâm Bãi Sau Vũng Tàu,260
Vũng Tàu,ChIJqSl-hvlvdTERRontoM26McU,Khu du lịch San Hô Xanh,1006
Vũng Tàu,ChIJORlCUKRvdTER9J2zoWWlpfw,Ancient Battery,328
Vũng Tàu,ChIJJ1zcF1tldTERmYXJDqPhp0c,Tao Phùng Park,613
Vũng Tàu,ChIJPf9PMJFvdTERSVkIHFs8NkQ,Ba Ria – Vung Tau Museum,2306
Vũng Tàu,ChIJOZdxVPFvdTERVqJii1YuMCQ,Linh Son Ancient Temple,504
Vũng Tàu,ChIJTXwavYVvdTER9JbSkNW9FWI,White Rabbit Amusement Park,558
Vũng Tàu,ChIJ_5MNt0FxdTERoGgk7vO3d7s,Bãi tắm Thuỷ Tiên,440
Vũng Tàu,ChIJIxPtGY9xdTERH5NlOM8nELk,Vũng Tàu Marina Museum,175
Vũng Tàu,ChIJ22aPdb5vdTERnFfSW8ULPYU,Chơn Không Monastery,1829
Vũng Tàu,ChIJl0Vtl2BldTEREVlBGIv9h_E,Nirvana Vihara,461
Vũng Tàu,ChIJ_UY2aeRvdTERAUdVEh0XqPA,San Ho Hotel - Back Beach Vung Tau,419
Vũng Tàu,ChIJuakDoFJldTERuT_34laWdjI,Vung Tau Lighthouse,2931
Vũng Tàu,ChIJHXE_qkRldTER041YafM16oo,Valley Beach,267
Vũng Tàu,ChIJFQ4AgItvdTERzVlC_Q5w4hU,Worldwide Arms Museum,2205
Vũng Tàu,ChIJcXyii7NvdTERb0fzvt5aOQo,Thich Ca Phat Dai Pagoda,2645
Vũng Tàu,ChIJ85ylDSBvdTERU77uA1YsE-8,Hồ Mây Park,783
Vũng Tàu,ChIJGy92GcVvdTERujMIWwAQuE8,Chùa Khỉ Viba,584
Vũng Tàu,ChIJBSvgIwlvdTERzCokNW6bsc4,Flagpole Park,1357
Vũng Tàu,ChIJFXiK4_NvdTERtOO0QUTL1DM,Đình Thắng Tam,126
Vũng Tàu,ChIJJSozCHR2dTERNTfqEOBosgU,Minh Dam Historic Relic,1961
Vũng Tàu,ChIJw3EHbIZtdTER88XbyPeKyhQ,Di tích Nhà Lớn,366
Vũng Tàu,ChIJcbgBG45vdTERkQ3rkjOCZx0,Front Beach,1524
Vũng Tàu,ChIJfYhjtfN2dTERlvJwmRvDoOY,Dinh Co Temple,5385
Vũng Tàu,ChIJoXkUUVdvdTERbGJmKziLp20,Khu du lịch biển DIC,165
Vũng Tàu,ChIJwcwQ225ldTERS3dDhVZnzhQ,Cap Saint-Jacques,686
Vũng Tàu,ChIJb1_uCLBvdTERuhsrsibZPXA,Hồ Mây Park Vũng Tàu,5914
Vũng Tàu,ChIJ_TzxyvNvdTER5gpZXcq5nj0,Chùa Phước Hải - Puññasamuddārama (Theravāda),163
Vũng Tàu,ChIJiYPhWQBvdTER1K7cVVymRng,Bạch Dinh,552
Vũng Tàu,ChIJ--AGGP11dTERYm7N7f9LcS8,Biển phước hải,1059
Vũng Tàu,ChIJEfMWuy1zdTERnfUBffc_60U,Bà Rịa City Gate,1139
Vũng Tàu,ChIJ_R7ll-JvdTERv4MM2rAvPLs,Back beach,13219
Vũng Tàu,ChIJlRv8sORvdTERW6mPeSu3xzQ,Night Market Vung Tau,3287
Vũng Tàu,ChIJQyEyT5RvdTERGNnwhsGw020,Lam Sơn Greyhound Racetrack,407
Vũng Tàu,ChIJo9IDXzMNdTERge_up-7SAfo,Núi Dinh,131
Vũng Tàu,ChIJ3Rbfovi7dTERGJb49VjoUnI,Biển Sông Lô Suối Ồ,388
Vũng Tàu,ChIJpXuRWY9xdTERGcln65mUJtw,Hon Ba Temple,440
Vũng Tàu,ChIJlV7YpQhldTERqQnUoaOlQmU,Jesus Christ Statue Main Entrance,110
Vũng Tàu,ChIJfVNFFDoNdTERcObS_K9v6XY,Thiền Tôn Phật Quang,3052
Vũng Tàu,ChIJbQKMrkl1dTER4TlmafmNszY,Nhà lưu niệm Võ Thị Sáu,838
Vũng Tàu,ChIJiQ8UR6lvdTERBCMn0fhDtsE,Guan Yin Temple,561
Vũng Tàu,ChIJy4D5PL5vdTERjRJB3O_Q2Lo,Vung Tau Hakka Thien Hau Temple,136
Vũng Tàu,ChIJQ7yls5JvdTERXcmyQ6lIrlQ,Vung Tau Church,921
Vũng Tàu,ChIJraDszG5vdTERP0hGcLxzCCo,Chùa Quan Âm Các,186
Vũng Tàu,ChIJD6B_D2FldTERqo8R49Fk6xw,South Sea Guanyin Pagoda,281
Vũng Tàu,ChIJjWhfk2x2dTERq1W6KypHIQg,Monkey Temple,870
Vũng Tàu,ChIJ06WreasRdTERrrCM6NQ9Zg0,Linh Sơn Bửu Thiền Tự,394
Vũng Tàu,ChIJEcO5iYlvdTERUltYmz5oe24,Tu Quang Temple,230
Vũng Tàu,ChIJd31WGIIRdTERvyNvYHUa7NU,Dai Tong Lam Pagoda,573
Vũng Tàu,ChIJbW5YHIQRdTERWuXcoJNXuOo,Thien Hoa Monastery,548
Vũng Tàu,ChIJIVdgYNoTdTERcyjT7m1IEiQ,Tổ đình hộ pháp,335
Vũng Tàu,ChIJ541tuJgNdTERlHiQgB17aKo,Thiền viện Viên Không,266
Vũng Tàu,ChIJD3BKKvh2dTERHxzogYCoNX8,She tomb Long Hai,343
Vũng Tàu,ChIJI_oj0U5zdTERC27PtFQT9nQ,Hoi Phuoc Pagoda,295
Vũng Tàu,ChIJDW9SeFJudTERiTBdpG0coMU,Ben Da Parish Church,315
Vũng Tàu,ChIJLdC-WtV1dTER7rcIi9SI3Ik,Khu du lịch sinh thái Ngọc Xương,549
Vũng Tàu,ChIJnwIbmRGpmDERc70YdMd7DfE,Côn Đảo National Park Tourist Office,370
Vũng Tàu,ChIJGSwpW5JvdTER_CdMz4MgiC4,Triangle Park,489
Vũng Tàu,ChIJu6R7VAYFdTERWPwmgEmt7oE,Buôn Gơ Rin,300
Vũng Tàu,ChIJAaqamSQLdTERu9bvltLFMBw,The Seven Island Ecolodge,351
Vũng Tàu,ChIJsaGaEU5xdTERIUhNeqQzi_o,Zenna Pool Camp,1062
Vũng Tàu,ChIJz762GVJzdTERu034x8KdjN4,Ba Ria Square Park,1792
Vũng Tàu,ChIJS1TCnXdldTERp6GuGYeO5oY,Back Beach Vung Tau,7845
Vũng Tàu,ChIJjRb4V_GZdTERqcRoIkUYbjk,Khu du lịch- bãi tắm công cộng Hồ Tràm,292
Vũng Tàu,ChIJKfODsGFAdTERS5_lbmQBKJE,Điểm Du Lịch Sinh Thái Dần Xây,299
Vũng Tàu,ChIJddqZy-Q8dTER1MSSBbqqJRw,Golden Scorpion Ecological Tourist Area,3955
Vũng Tàu,ChIJExcfsUENdTERhGuLz38OJaA,Suối Đá Thác Hồ 5,560
Vũng Tàu,ChIJLURGsGFAdTER3IZqPQnIHMY,Khu dự trữ sinh quyển thế giới,102
Vũng Tàu,ChIJBXUyY_NvdTERqzv2TCcSl6Y,Quán ăn Vườn Xoài,861
Vũng Tàu,ChIJ_WiTmzDfdDER0HTummPEsWo,Thuy Chau Ecotourism,12429
Vũng Tàu,ChIJbUoU6sYndTERH3unRXmuaW0,Khu Du Lịch Sinh thái Vàm Sát,1086
Vũng Tàu,ChIJCbY3fNefdTERst74Q7aWnVs,Gozoo Farm,1138
Vũng Tàu,ChIJeavHq5F7dDERvoR7m0PavoU,Cat Tien national park,971
Vũng Tàu,ChIJpZhqM2ckdTER6_LacPpcqVM,Làng Du Lịch Sinh Thái Tre Việt - Funland,565
Vũng Tàu,ChIJhyTvXxXhdDERhXfMaOVE1jY,Giang Dien Waterfall Eco Resort,2286
Vũng Tàu,ChIJqwbv4M67dTERkarECO30n5Y,Binh Chau Hot Spring Resort,3380
Vũng Tàu,ChIJ7XvzuAhZdTERXbil-wXu9bw,Khu Du Lịch Sinh Thái Làng Yến,615
Vũng Tàu,ChIJ-filJuUJdTERLwMrfQHzFpI,Đồi Cừu Suối Nghệ,1000
Vũng Tàu,ChIJh3K0K1RhNDEREXbFmPaEF_w,Ba Vi National Park,2433
Vũng Tàu,ChIJYSAQw1VvdTERt0NOvFlnMWo,Căn hộ 5 sao The Sóng - Dự Án cao cấp An Gia du lịch view biển,178
Vũng Tàu,ChIJ03nAUhoodTERuHPvu9NQgs4,Khu Du Lịch Sinh Thái Thanh Cảnh,154
Vũng Tàu,ChIJP5gSHFfvdDERrOV4jWfO7g0,Khu Du Lịch Cao Minh,1216
Vũng Tàu,ChIJFeHuHPNvdTERqpH0n0RoxEk,Zone 82 Coffee And Children Playground,241
Vũng Tàu,ChIJ758t6iKoCjERx_FYu5NpKVs,Khu Du lịch - Văn Hóa & Thể Thao Lan Vương,4507
Vũng Tàu,ChIJuRwVIN_bdDERKZ7T61H2MKo,Buu Long Tourist Area,10919
Vũng Tàu,ChIJX4sYCShvdTER-vRLtU0GarA,𝐓𝐈𝐄̣̂𝐌 𝐍𝐔̛𝐎̛́𝐍𝐆 𝐋𝐀𝐍𝐆 𝐓𝐇𝐀𝐍𝐆-𝐕𝐢𝐞𝐰 𝐛𝐢𝐞̂̉𝐧 𝟑𝟏 𝐓𝐫𝐚̂̀𝐧 𝐏𝐡𝐮́,555
Vũng Tàu,ChIJgwozI5pvdTER0frSBBlG4_s,88 Food Garden,795
Vũng Tàu,ChIJ8aFpHkBldTERqxOFRbFos6Y,Casabella Homestay - Vũng Tàu,205
Vũng Tàu,ChIJLY4jsIVldTERk-YFgymDR84,VIAS HOTEL VUNG TAU,1018
Vũng Tàu,ChIJ5SuoJ7CidTERzpUbx0_-YKQ,Hương Phong Hồ Cốc Beach Resort,3467
Vũng Tàu,ChIJ7ZWfKWY_dTER4pixBUMCFhk,Tourism Rung Sac Can Gio,1864
Vũng Tàu,ChIJ87AFGBlvdTER1ZA0O4RflnI,"Cơm Niêu Ngon Vũng Tàu ( Sân vườn thoáng mát) 42 Hoàng Hoa Thám Phường Vũng Tàu, TP HCM",642
Hạ Long,ChIJUcLjLvRYSjERNl4hblMRgi8,Sun World Halong Park,3251
Hạ Long,ChIJL4jvm3xaSjERkLl09IYRBPk,Sung Sot Cave,10790
Hạ Long,ChIJ69IBNu5YSjER9gjn_f7FIyU,Ocean Park,544
Hạ Long,ChIJM9d8nEhZSjERJv5nVOPuujQ,Dau Go Cave,1435
Hạ Long,ChIJiyPhS2dYSjERkCBV5dA6VT0,Old Bai Chay Lighthouse,410
Hạ Long,ChIJWePWljhYSjERQyoGE6-IDuY,Bài Thơ Mountain,868
Hạ Long,ChIJhWPW-GlYSjERtgFnqmm_zKc,Zen Garden,158
Hạ Long,ChIJnbw_8GlYSjERTzjJCAiXPcg,Sun Wheel,2705
Hạ Long,ChIJd9-iGlZXSjEReDcorYan4ug,Hon Gai beach,1240
Hạ Long,ChIJz2nAcPpYSjERfcYtwMuGQN0,Bãi Biển Sun World Hạ Long,3989
Hạ Long,ChIJFfk_CIpZSjERExGBTHvfpVY,Victory Star Cruise,302
Hạ Long,ChIJc4ezxGpZSjERXiuBoG7JhKg,Bai Chay Lighthouse,129
Hạ Long,ChIJ7W01Kz9YSjERJ1UuVqDvG4c,Long Tien Pagoda,827
Hạ Long,ChIJwxQSXnX_SjERiKL7J0BZ1m4,Bãi tắm Lương Ngọc TP.Cẩm Phả,429
Hạ Long,ChIJiSmFLE9ZSjERi2r-avDYIJo,Bai Chay beach,2068
Hạ Long,ChIJwbqjBkdYSjER7M8YUA7t7Uc,Tran Quoc Nghien Temple,133
Hạ Long,ChIJaeVtefRYSjER8mZ1BjqlgzM,Halong Night Market,718
Hạ Long,ChIJmzLqOiFYSjERgtUoW-ny6_0,Quang Ninh Museum,11059
Hạ Long,ChIJh-6MUZZXSjER23hUyLywxlU,Hạ Long Bay,7926
Hạ Long,ChIJBX51iZp_NTERJrgrFq0wSEc,Quang Ninh Gate Tourist Attraction,2122
Hạ Long,ChIJl7XSTfRYSjERmirF_wwD-wM,Halong Park (Dragon Park),2438
Hạ Long,ChIJrfMatyEQSzER_zeoMLqdibg,Chùa Cái Bầu,2615
Hạ Long,ChIJY4inVk_1SjERW0Hn-YY-2_E,Chùa Lôi Âm Thượng,290
Hạ Long,ChIJVVVV6WZYSjERtuLYVrrJ5z8,Vuon Dao Market,1856
Hạ Long,ChIJ8bZQfIiFSjERxzhkT4Kr5cA,Yen Tu Mountain,7211
Hạ Long,ChIJ_dsC7w5RSjERZRFxONc5SBw,Vung Vieng Fishing Village,124
Hạ Long,ChIJy84IS5WPSjERVa9awUd5Ows,Tây Yên Tử khu Du Lịch,1090
Hạ Long,ChIJZ7zv5_9bSjERZ7HsxqnI5c0,Hòn Trống Mái Hạ Long,283
Hạ Long,ChIJtV5TN4xXSjERO6ZIAuhUR_4,Ha Long Natural heritage,353
Hạ Long,ChIJwTg_5Z9ZSjERBfaIkxk64Qs,Halong International Cruise Port,2928
Hạ Long,ChIJg9WvUH9FSjER3e8-NX2rZSY,Bãi tắm Vạn Bội,160
Hạ Long,ChIJm9F3I0qrNTER5KP0hDnUR6c,Thomas Kim Travel,781
Hạ Long,ChIJJcSvehhYSjERnvYvfSKkmoI,Ha Long Market,3667
Hạ Long,ChIJw_cIyFcBSzERWVqm8K9IIo0,Đền Cặp Tiên,357
Hạ Long,ChIJL5D0X7heSjERSBJRCuTMhso,Grand Pioneers Halong Bay Cruise,457
Hạ Long,ChIJFyNHg-BZSjERa6O2TveU9Oo,Vincom Plaza Hạ Long,1496
Hạ Long,ChIJjTv41M5YSjER55Ptkq6Xy9k,Chợ Đêm Hải Sản Hạ Long,333
Hạ Long,ChIJfXPRjzhYSjERRmAhvW_icM4,Núi Bài Thơ,131
Hạ Long,ChIJf1BEMr1jSjERAQd6HVMs6Ds,Miếu Vua Bà,103
Hạ Long,ChIJYfN3Mas6SzERZ7Opk3XtaKM,Khe Van Waterfall,654
Hạ Long,ChIJC0crgWVZSjERY35HifJXNW8,Sea Octopus Cruise - Halong Bay,230
Hạ Long,ChIJc0E6eBh-NTEREUB8FIJMj9o,An Sinh Temple,270
Hạ Long,ChIJ-8pXUfyCSjERPvaT46M0CMc,Ngoa Van temple,284
Hạ Long,ChIJR25QmexZSjERXhDJP9u_xOk,Chùa Bảo Hải Linh Thông,126
Hạ Long,ChIJp-QO6UQBSzERHSx8qey_1zc,Cua Ong Temple,2192
Hạ Long,ChIJlUYdiYGFSjERXwZDbdqPDts,Hoa Yen Pagoda,983
Hạ Long,ChIJ6aLvq-SISjERE09EgGngfcc,Ba Vàng Pagoda,7622
Hạ Long,ChIJmy1jUvyCSjERan7_jeWhLr0,Ngọa Vân Pagoda,167
Hạ Long,ChIJRQy3QV-FSjERVUtS-bSG2_c,Chùa Hạ - Tây Yên Tử,1558
Hạ Long,ChIJJ274vf1fSjER6dh2jiJRty4,Bến đò chùa Lôi Âm,212
Hạ Long,ChIJi5HLrIb3SjERz1BxsAc3-v4,Khu du lịch Sinh Thái Happy Land,225
Hạ Long,ChIJq6qqBmpYSjERGZ3VBGY5bLs,Halong Solar Cycle,345
Hạ Long,ChIJl5n3RH2LSjERu_AIU-033TU,Thien Duong Hoa Quang La,122
Hạ Long,ChIJXaL5e933SjERjeglC0Znroo,Man's Farm,121
Hạ Long,ChIJ2ZaOBINgNDERN-P36aHeTNg,Khu Du lịch sinh thái Long Việt,456
Hạ Long,ChIJ8QyghInCNDER5RRaSnD8mkY,Tam Dao National Park,946
Hạ Long,ChIJh3K0K1RhNDEREXbFmPaEF_w,Ba Vi National Park,2433
Hạ Long,ChIJ_____0pESjERjwipLDA-kV4,Cat Ba National Park,4487
Hạ Long,ChIJLVpZRzyoNTERw1sOIVu6BSk,Khu du lịch sinh thái Cánh Buồm Xanh,444
Hạ Long,ChIJPw_uKBGDNjER3OgqWn98mCs,Cuc Phuong National Park,4465
Hạ Long,ChIJlSU-B65FCjERNZMabrV_8u0,Tram Chim National Park,3368
Hạ Long,ChIJj7AX0sRZSjERKs5RD1qDLwE,Greenbay Garden Hạ Long,242
Hạ Long,ChIJybEnfkcdNzERkyNwtJ2Pg-g,Vườn Quốc Gia Bến En,133
Hạ Long,ChIJ7xTdBdACNTERJuHqUlysKWM,Khu du lịch sinh thái Bản Rõm,1456
Hạ Long,ChIJq6qq6mXqSjERf1TjHowS2ek,Khu DL Sinh thái Khe Rỗ,128
Hạ Long,ChIJ1Qr0lk66ODERsFgeYSxKO10,Phong Nha - Ke Bang National Park,846
Hạ Long,ChIJT4s2O3B7NjERRr1E8IzgEcs,Khu du lịch sinh thái Thung Nham - Ninh Bình,1144
Hạ Long,ChIJOdunEuTfNTER-fX81A5uQvk,Khu du lịch sinh thái Núi Ngăm,494
Hạ Long,ChIJsXkBdTMFyzYRHwWEAewB4yo,Ba Bể National Park,2082
Hạ Long,ChIJ7Rf-l0b_SjER-K796b1_TO4,YOKO ONSEN QUANG HANH,4376
Hạ Long,ChIJsesZ7M5ZSjERx-OFzjT4Fy0,Oakwood Ha Long,1279
Hạ Long,ChIJl_10_r1ZSjER-V25BcEtV9c,Wyndham Garden Legend Halong,205
Hạ Long,ChIJSyNX2ENXSjER8Tm4zUUHEvY,FLC Ha Long Bay,1097
Hạ Long,ChIJk4kRglFZSjER3z7gDxQh7J4,Shima Yakiniku - Quán thịt nướng Nhật Bản,271
Hạ Long,ChIJx2NIIO5YSjERSI4Pu3GqqaI,Muong Thanh Luxury Ha Long Centre Hotel,1820
Hạ Long,ChIJ_6aq-kdZSjER9hB21I1trPU,Mường Thanh Luxury Hạ Long Centre II (Former Mường Thanh Luxury Hạ Long Residence),1202
Hạ Long,ChIJEwK7mwRtSjER-c5D24XeBIU,Khu du lịch quốc tế Đồi Rồng,515
Hạ Long,ChIJd1-UfSxZSjERV3IcK8ECRWE,HA LONG DREAM HOTEL,688
Hạ Long,ChIJIXOT8QBjNTERgZPee5mmM7k,Ecological Tourist Area Suoi Mo,269
Hạ Long,ChIJy44iOsRYSjERwbWFCXMNgS8,Muong Thanh Hotel,4599
Hạ Long,ChIJC_wfE_JYSjERB7CbY-TuUvU,Royal Villas Halong -Casino,981
Đà Lạt,ChIJzXuSUrZtcTERMCq6MmWKNTg,Khu du lịch Fresh Garden Dalat,3330
Đà Lạt,ChIJQTO5pKEUcTERZcAVKbeOzvg,Khu du lịch Thác Datanla,23938
Đà Lạt,ChIJKQb-oyQTcTERiVn-etOO62Y,Lâm Viên Square,13591
Đà Lạt,ChIJtwY5-l5scTERRu6ig1d_VSY,Hoa Son Dien Trang Ecotourism Destination,3760
Đà Lạt,ChIJa_Qc87wScTER41LYPsXeeyM,Mong Mo Hill Tourist Area,3069
Đà Lạt,ChIJZ0qug8wTcTER0m4S0SZkp2I,Dalat City Flower Garden,3557
Đà Lạt,ChIJv2dGwzhrcTERWbixSfB_mD0,Sculpture Tunnel,15849
Đà Lạt,ChIJc6HmQ70ScTER9nFcY5EPR7k,Valley Of Love,18518
Đà Lạt,ChIJ81XqLIttcTERxaKfjsUtgdc,Van Thanh Flower Village,1544
Đà Lạt,ChIJD6_GOjUTcTERT0qgP1esodo,Bao Dai Palace 3,8785
Đà Lạt,ChIJKbqQUD4TcTERUAXkyRkE5Ss,Khu du lịch Lá Phong,3195
Đà Lạt,ChIJy0IMmMttcTERFDhXzzS1jB4,KDL Sinh Thái Cao Nguyên Hoa Đà Lạt,3297
Đà Lạt,ChIJ6SkCmRsTcTERbHtqG1PO0Rc,Cung Nam Phương Hoàng Hậu,320
Đà Lạt,ChIJ50x58zMScTERbfECwVkKQqI,Cánh đồng Hoa Cẩm Tú Cầu,1892
Đà Lạt,ChIJ1aNbAC0ScTER4LPDF4K-nW8,Hydrangea Field,4307
Đà Lạt,ChIJG6o31tpscTERyc4PhsdhlzM,Cam Ly Waterfall,2839
Đà Lạt,ChIJUc6ZntsWcTERq5vIKRyghEs,Cau Dat Tea Village,617
Đà Lạt,ChIJu5bHoextcTERCJuQNmc0J38,Dalat Mushroom Village,2349
Đà Lạt,ChIJiz-UGCMTcTERTIi6Ssjhh3g,Yersin Park,976
Đà Lạt,ChIJcY13zRsXcTERvsoYR-hu9Vs,"Vườn Hồng Ông Thắng - Hồng Treo Gió, Đặc Sản Đà Lạt",907
Đà Lạt,ChIJzUCtyrMTcTERcRu99xzTo-g,DỐC NHÀ LÀNG,187
Đà Lạt,ChIJu0nNBrIXcTERCYYHSj3FVIw,Thiên Đường Săn Mây Cầu Đất,1038
Đà Lạt,ChIJxUPozbAScTERgXK6RNYL8Pw,Thien Phuc Duc Hill,1484
Đà Lạt,ChIJD6GVlxsTcTERzdbQxVDnPmQ,Lam Dong Museum,266
Đà Lạt,ChIJ5T-k5YBtcTERonwbdDhPzUg,Mongo Land - Đà Lạt,9275
Đà Lạt,ChIJVVVVVaV0cTERz91NGuxuAQQ,Khu Du Lịch Lang Biang,8276
Đà Lạt,ChIJEVcdXbATcTERrZHMhl3cKbM,The Florest - Hoa Trong Rừng,2518
Đà Lạt,ChIJ94S-Y9UScTER509fieB9s5I,Domaine de Marie,6885
Đà Lạt,ChIJ0R9OPSUVcTERw8gKEosLsOs,Prenn waterfall,203
Đà Lạt,ChIJ47KDEW0TcTERcvRBnE_-004,Vườn hồng Lễ Vân,202
Đà Lạt,ChIJcxa4nztzcTERzA8cnTtqlYQ,Quần thể du lịch Pini Đà Lạt,339
Đà Lạt,ChIJI1tRYTETcTER38c0VtjGuYs,Dốc Nhà Bò,1354
Đà Lạt,ChIJ9ZA0MS4TcTERNXQYbqYACX8,Flower Park,2158
Đà Lạt,ChIJj5Pw4RATcTERG2zu1EqM_NE,Dapa Hill Dalat,1281
Đà Lạt,ChIJAVdAv0oXcTERL6v91zKsVkA,Cau Dat,901
Đà Lạt,ChIJ0_q8BhJtcTERbdJWwhlkJPU,Puppy Farm,17519
Đà Lạt,ChIJVVxKkOhzcTERZOiXJ0wpRuI,Devil Mountain Tourist Area,398
Đà Lạt,ChIJhYAjXLcScTER5RtK_aMIWqQ,Vườn Dâu Nhật (CÔ THẢO),1826
Đà Lạt,ChIJxToUMi8NcTERsNE9zBNc3Pg,Thung lũng hoa cẩm tú cầu,492
Đà Lạt,ChIJtVa9RL0NcTER-lecqDgBSmA,Thang Thinh Strawberry Flower Garden,306
Đà Lạt,ChIJk6Z3ck5rcTERdS1bssDNCAc,Lavenderdalat Gardens,420
Đà Lạt,ChIJixBW3dVtcTER6wwCoeHTCVs,Làng Cổ Tích,800
Đà Lạt,ChIJFTVxE6MXcTERDVztvE549F4,Săn mây Cầu Gỗ - Sông Mây,228
Đà Lạt,ChIJb-Jz0jQScTER5of6VwFBs7I,Cao Dai Temple of Da Lat,180
Đà Lạt,ChIJUTzvj4dycTERe8NwH0nBkP8,Golden Valley,4621
Đà Lạt,ChIJN9uEubMTcTERcFHA6dsZDVA,Lumiere Da Lat - Light Garden,2073
Đà Lạt,ChIJpTjuGjMTcTERhjx317psdj8,Crazy House - Hang Nga Villa,15512
Đà Lạt,ChIJO2W6kDETcTERSsw0agDhJzg,St. Nicholas Cathedral of Da Lat,7496
Đà Lạt,ChIJ1V-uXHVzcTERGZh644Us-24,Mộng Đào Nguyên,220
Đà Lạt,ChIJWWf2XVENcTERg9gce5LAQfM,Vườn dâu Mỹ,495
Đà Lạt,ChIJkSLGrK9tcTER1BV0QmEecHc,Lạc Tiên Giới Đà Lạt,498
Đà Lạt,ChIJ8QdeytcScTERwQAUlLCr1CM,Linh Sơn Pagoda,1786
Đà Lạt,ChIJneCVGe5HcTERs3KKPMik6WM,Samten Hills Dalat,3589
Đà Lạt,ChIJPX9PMMYXcTERh0HQHzk4BVM,Săn mây cầu gỗ,313
Đà Lạt,ChIJXdpSNrwScTERLNcFMhMyDKI,XQ Đà Lạt Sử Quán - XQ Việt Nam - XQ Dalat Historical Village - XQ Vietnam,2292
Đà Lạt,ChIJFwZPsXgXcTERf4cv76aQmKo,"Nông Trại Hoa Tinh Dầu Đà Lạt, Nến Thơm - Khu Du Lịch Check In Săn Mây Jala Rose",1012
Đà Lạt,ChIJbaVvlQ0TcTERASwN3wct_W0,Linh Phong Pagoda,183
Đà Lạt,ChIJzcZrtf4ScTERyLgC60qQ8w4,Đà Lạt Youth Prison Museum,349
Đà Lạt,ChIJm_6uwNRscTEReuu69z-zenM,National Archives Center IV,119
Đà Lạt,ChIJp5ez7ygTcTERPlx842OxG44,Governor's Palace,162
Đà Lạt,ChIJq0AhxvEXcTER-_j5nIaMviI,Bảo Tàng Trà Long Đỉnh,632
Đà Lạt,ChIJg63CWVQScTER-2-TYuyq4PY,Da Lat Railway Station,4073
Đà Lạt,ChIJWfFwWVoTcTERd57i6XoBRCE,Chùa Tàu,487
Đà Lạt,ChIJ24TIxRsTcTERG9_-OgIyiSA,Linh Phước Temple,10532
Đà Lạt,ChIJG9DKNdMScTERGkc-JtcwVq8,Linh Quang Temple,132
Đà Lạt,ChIJ4UajAyETcTERBBajXdeCt5U,Avalokitesvara Temple,212
Đà Lạt,ChIJH_7rytsScTER5rbDMu7mYGQ,Thiền viện Vạn Hạnh,3200
Đà Lạt,ChIJZSy_8ioVcTERi48P3zO8x5E,Thiền Viện Trúc Lâm( sảnh chính),183
Đà Lạt,ChIJkXq2pDgVcTERV-WGDk9NtRQ,Thiền Viện Trúc lâm Đà Lạt,3533
Đà Lạt,ChIJ957z5P9BcTERJEaADqvwbC8,Linh An Pagoda,4033
Đà Lạt,ChIJv5R6ruMScTER_tu7X7meHrY,Chùa Trúc Lâm,150
Đà Lạt,ChIJHX-c8CYTcTERut91wm1Dq7E,Chùa Tâm Ấn,123
Đà Lạt,ChIJCfQwfoMXcTERP1tl9Ty3qtg,Giác Nguyên Pagoda,286
Đà Lạt,ChIJMX6_sBZscTERv4FuYTPkeC4,Chùa Vạn Đức,284
Đà Lạt,ChIJ2wkAgcnzczERmVOHzv4Yx1g,Chùa Di Đà,511
Đà Lạt,ChIJwa7QIMlscTERVQvVr3J0cbg,Nhà thờ Giáo xứ Du Sinh,212
Đà Lạt,ChIJ09okz80IdDERyvhuAmPc5AE,Chùa Linh Quy Pháp Ấn,3684
Đà Lạt,ChIJgxnsqikTcTERq6Lg2K4b_5Y,Hội thánh Tin lành Việt Nam Chi hội Đà Lạt,259
Đà Lạt,ChIJodSuekltcTERiZI9fbKvq_c,Tùng Lâm Catholic Church,185
Đà Lạt,ChIJl80S4dNscTERUK0Mo1rk_pM,Cam Ly Parish Church,198
Đà Lạt,ChIJbSIgJwtAcTERIGCuWGtv9lg,Chùa Quan Thế Âm,354
Đà Lạt,ChIJsaqVFGoRcTERMCW6J5jX5KQ,Đường Hầm Hỏa Xa Đà Lạt,731
Đà Lạt,ChIJP_zqJ8DzczERC2Fiwz1qKvQ,Tu viện Bát Nhã,984
Đà Lạt,ChIJPeeXmolFcTERTWUK-FcFg7Q,Phương Liên Tịnh Xứ Chùa Đại Ninh.,351
Đà Lạt,ChIJ1w5tqxj3czER0hqAjbCYLQ4,Chùa Trà,551
Đà Lạt,ChIJE8cuCEcTcTERB0WLwyEghrw,Dalat Cable Car Tourist Area,4624
Đà Lạt,ChIJd6nbI94ScTERa0HqwMuO8Hc,Hoa Dalat Travel - Tours Dalat 1 Day,103
Đà Lạt,ChIJP8nxdy0PdDER__FAvG6c_6c,Phap An Son,247
Đà Lạt,ChIJvQC-fQ1tcTERni2XZ9WLx3g,Thung lũng hoa Tà Nung,196
Đà Lạt,ChIJXWSJRZcScTERtZHd6q_hgIo,Khu Du Lịch Sinh Thái Hiệp Lực,114
Đà Lạt,ChIJKQgUQY8VcTEReZ1UtHSLN1A,KDL Rừng Thông Núi Voi - Elephant Mountain Pine Forest,1095
Đà Lạt,ChIJlaMiPQNtcTERSd0a2EDzDXU,B-Farm Dalat Strawberry Garden,223
Đà Lạt,ChIJIxEWAToTcTEReSUO4y4gldU,Vườn hồng trái Thái Long,137
Đà Lạt,ChIJaRnO3UltcTERXXj-jldt8Co,Khu Du Lịch Thuý Thuận Đà Lạt,1107
Đà Lạt,ChIJEbceFtFtcTEREenDLhkzw_w,Rừng Giao Hưởng,184
Đà Lạt,ChIJp2BAivwTcTERIroVu6Eei0o,Vườn dâu đà lạt hùng hương,191
Đà Lạt,ChIJfxizD44JcTER5yKhSlwQ5rY,Bidoup Nui Ba National Park,627
Đà Lạt,ChIJ90NvG51rcTERf0hpAjh8qsw,Điểm Du Lịch Chuồn Chuồn,823
Đà Lạt,ChIJ5QlCZ6MTcTERODxqPibUdc0,Khu Vườn Mùa Hè,797
Đà Lạt,ChIJedAbDm4TcTERerEI0yDSDDU,Vườn dâu tây đà lạt- Khả Hân,433
Đà Lạt,ChIJj91bc3oXcTERS3K_d5jfPvc,Vườn hồng Lê Phúc,199
Đà Lạt,ChIJ43uQEf0TcTERUUvBMBpbHq8,Vườn Hoa Cẩm Tú Cầu Mới,389
Đà Lạt,ChIJ-1VwJGcJcTERMt8I8fpRZyA,Đà Lạt Tiên Cảnh - Du lịch sinh thái Đà Lạt,107
Đà Lạt,ChIJOx9FKZgScTERwkYUfayjAh4,Dalat Flower Forest Biotechnology Corporation,364
Đà Lạt,ChIJMehhMxTeczERaKXPTDtfvww,Tà Đùng National Park,387
Đà Lạt,ChIJKSojkiJrcTER7Vt5Fr0KnaY,Nhà Hàng Rừng Lá Phong - Hồ Tuyền Lâm,236
Đà Lạt,ChIJfTzy2FFrcTERgAWgJRroyQM,Lavender Dalat Tourist Area,1058
Đà Lạt,ChIJf7hmQrptcTER9vFySt9LMXc,Điểm tham quan du lịch Nhà máy Trà Atisô & Rượu Vang Vĩnh Tiến,262
Đà Lạt,ChIJ41ZV_1xtcTERQcr9I25lILo,Hong Dalat Valley,549
Đà Lạt,ChIJGzzd1EgTcTERHOkETncdvsU,Kẻng Đà Lạt,914
Đà Lạt,ChIJbY0mimFycTERDxo74KxQkVs,Cây Thông Cô Đơn,701
Đà Lạt,ChIJPWhb3k5ycTERkHYm-NE8qoA,Cu Lan Village,15603
Đà Lạt,ChIJU0P0CmkBcTER8yk9DRVAhBg,Phuoc Binh National Park,185
Đà Lạt,ChIJrYwq6a4UcTERyc7HOyuPJhk,Dalat Edensee Lake Resort & Spa,1823
Đà Lạt,ChIJCY5ykswTcTERZYZm0ojJDgs,KDL Thác Prenn,642
Đà Lạt,ChIJT50fdX5zcTERsTQVZMAWz3Q,Dalat Camp,377
